time_s,row,state
-0.013,Stuck,1
0.128,Stuck,0
0.27,Stuck,0
0.411,Stuck,0
0.553,Stuck,0
0.695,Stuck,0
0.836,Stuck,0
0.978,Stuck,0
1.119,Stuck,0
1.261,Stuck,0
1.403,Stuck,0
1.544,Stuck,0
1.686,Stuck,0
1.828,Stuck,0
1.969,Stuck,0
2.111,Stuck,0
2.252,Stuck,0
2.394,Stuck,0
2.536,Stuck,0
2.677,Stuck,0
2.819,Stuck,0
2.96,Stuck,0
3.102,Stuck,0
3.244,Stuck,0
3.385,Stuck,0
3.527,Stuck,0
3.669,Stuck,0
3.81,Stuck,0
3.952,Stuck,0
4.093,Stuck,0
4.235,Stuck,0
4.377,Stuck,0
4.518,Stuck,0
4.66,Stuck,0
4.801,Stuck,0
4.943,Stuck,0
5.085,Stuck,0
5.226,Stuck,0
5.368,Stuck,0
5.51,Stuck,0
5.651,Stuck,0
5.793,Stuck,0
5.934,Stuck,0
6.076,Stuck,0
6.218,Stuck,0
6.359,Stuck,0
6.501,Stuck,0
6.642,Stuck,0
6.784,Stuck,0
6.926,Stuck,0
7.067,Stuck,0
7.209,Stuck,0
7.351,Stuck,0
7.492,Stuck,0
7.634,Stuck,0
7.775,Stuck,0
7.917,Stuck,0
8.059,Stuck,0
8.2,Stuck,0
8.342,Stuck,0
8.483,Stuck,0
8.625,Stuck,0
8.767,Stuck,0
8.908,Stuck,0
9.05,Stuck,0
9.191,Stuck,0
9.333,Stuck,0
9.475,Stuck,0
9.616,Stuck,0
9.758,Stuck,0
9.9,Stuck,0
10.041,Stuck,0
10.183,Stuck,0
10.324,Stuck,0
10.466,Stuck,0
10.608,Stuck,0
10.749,Stuck,0
10.891,Stuck,0
11.032,Stuck,0
11.174,Stuck,0
11.316,Stuck,0
11.457,Stuck,0
11.599,Stuck,0
11.741,Stuck,0
11.882,Stuck,0
12.024,Stuck,0
12.165,Stuck,0
12.307,Stuck,0
12.449,Stuck,0
12.59,Stuck,0
12.732,Stuck,0
12.873,Stuck,0
13.015,Stuck,0
13.157,Stuck,0
13.298,Stuck,0
13.44,Stuck,0
13.582,Stuck,0
13.723,Stuck,0
13.865,Stuck,0
14.006,Stuck,0
14.148,Stuck,0
14.29,Stuck,0
14.431,Stuck,0
14.573,Stuck,0
14.714,Stuck,0
14.856,Stuck,0
14.998,Stuck,0
15.139,Stuck,0
15.281,Stuck,0
15.423,Stuck,0
15.564,Stuck,0
15.706,Stuck,0
15.847,Stuck,0
15.989,Stuck,0
16.131,Stuck,0
16.272,Stuck,0
16.414,Stuck,0
16.555,Stuck,0
16.697,Stuck,0
16.839,Stuck,0
16.98,Stuck,0
17.122,Stuck,0
17.264,Stuck,0
17.405,Stuck,0
17.547,Stuck,0
17.688,Stuck,0
17.83,Stuck,0
17.972,Stuck,0
18.113,Stuck,0
18.255,Stuck,0
18.396,Stuck,0
18.538,Stuck,0
18.68,Stuck,0
18.821,Stuck,0
18.963,Stuck,0
19.104,Stuck,0
19.246,Stuck,0
19.388,Stuck,0
19.529,Stuck,0
19.671,Stuck,0
19.813,Stuck,0
19.954,Stuck,0
20.096,Stuck,0
20.237,Stuck,0
20.379,Stuck,0
20.521,Stuck,0
20.662,Stuck,0
20.804,Stuck,0
20.945,Stuck,0
21.087,Stuck,0
21.229,Stuck,0
21.37,Stuck,0
21.512,Stuck,0
21.654,Stuck,0
21.795,Stuck,0
21.937,Stuck,0
22.078,Stuck,0
22.22,Stuck,0
22.362,Stuck,0
22.503,Stuck,0
22.645,Stuck,0
22.786,Stuck,0
22.928,Stuck,0
23.07,Stuck,0
23.211,Stuck,0
23.353,Stuck,0
23.495,Stuck,0
23.636,Stuck,0
23.778,Stuck,0
23.919,Stuck,0
24.061,Stuck,0
24.203,Stuck,0
24.344,Stuck,0
24.486,Stuck,0
24.627,Stuck,0
24.769,Stuck,0
24.911,Stuck,0
25.052,Stuck,0
25.194,Stuck,0
25.336,Stuck,0
25.477,Stuck,0
25.619,Stuck,0
25.76,Stuck,0
25.902,Stuck,0
26.044,Stuck,0
26.185,Stuck,0
26.327,Stuck,0
26.468,Stuck,0
26.61,Stuck,0
26.752,Stuck,0
26.893,Stuck,0
27.035,Stuck,0
27.177,Stuck,0
27.318,Stuck,0
27.46,Stuck,0
27.601,Stuck,0
27.743,Stuck,0
27.885,Stuck,0
28.026,Stuck,0
28.168,Stuck,0
28.309,Stuck,0
28.451,Stuck,0
28.593,Stuck,0
28.734,Stuck,0
28.876,Stuck,0
29.017,Stuck,0
29.159,Stuck,0
29.301,Stuck,0
29.442,Stuck,0
29.584,Stuck,0
29.726,Stuck,0
29.867,Stuck,0
30.009,Stuck,0
30.15,Stuck,0
30.292,Stuck,0
30.434,Stuck,0
30.575,Stuck,0
30.717,Stuck,0
30.858,Stuck,0
31.0,Stuck,0
31.142,Stuck,0
31.283,Stuck,0
31.425,Stuck,0
31.567,Stuck,0
31.708,Stuck,0
31.85,Stuck,0
31.991,Stuck,0
32.133,Stuck,0
32.275,Stuck,0
32.416,Stuck,0
32.558,Stuck,0
32.699,Stuck,0
32.841,Stuck,0
32.983,Stuck,0
33.124,Stuck,0
33.266,Stuck,0
33.408,Stuck,0
33.549,Stuck,0
33.691,Stuck,0
33.832,Stuck,0
33.974,Stuck,0
34.116,Stuck,0
34.257,Stuck,0
34.399,Stuck,0
34.54,Stuck,0
34.682,Stuck,0
34.824,Stuck,0
34.965,Stuck,0
35.107,Stuck,0
35.249,Stuck,0
35.39,Stuck,0
35.532,Stuck,0
35.673,Stuck,0
35.815,Stuck,0
35.957,Stuck,0
36.098,Stuck,0
36.24,Stuck,0
36.381,Stuck,0
36.523,Stuck,0
36.665,Stuck,0
36.806,Stuck,0
36.948,Stuck,0
37.09,Stuck,0
37.231,Stuck,0
37.373,Stuck,0
37.514,Stuck,0
37.656,Stuck,0
37.798,Stuck,0
37.939,Stuck,0
38.081,Stuck,0
38.222,Stuck,0
38.364,Stuck,0
38.506,Stuck,0
38.647,Stuck,0
38.789,Stuck,0
38.93,Stuck,0
39.072,Stuck,0
39.214,Stuck,0
39.355,Stuck,0
39.497,Stuck,0
39.639,Stuck,0
39.78,Stuck,0
39.922,Stuck,0
40.063,Stuck,0
40.205,Stuck,0
40.347,Stuck,0
40.488,Stuck,0
40.63,Stuck,0
40.771,Stuck,0
40.913,Stuck,0
41.055,Stuck,0
41.196,Stuck,0
41.338,Stuck,0
41.48,Stuck,0
41.621,Stuck,0
41.763,Stuck,0
41.904,Stuck,0
42.046,Stuck,0
42.188,Stuck,0
42.329,Stuck,0
42.471,Stuck,0
42.612,Stuck,0
42.754,Stuck,0
42.896,Stuck,0
43.037,Stuck,0
43.179,Stuck,0
43.321,Stuck,0
43.462,Stuck,0
43.604,Stuck,0
43.745,Stuck,0
43.887,Stuck,0
44.029,Stuck,0
44.17,Stuck,0
44.312,Stuck,0
44.453,Stuck,0
44.595,Stuck,0
44.737,Stuck,0
44.878,Stuck,0
45.02,Stuck,1
45.162,Stuck,1
45.303,Stuck,1
45.445,Stuck,1
45.586,Stuck,1
45.728,Stuck,1
45.87,Stuck,1
46.011,Stuck,1
46.153,Stuck,1
46.294,Stuck,1
46.436,Stuck,1
46.578,Stuck,1
46.719,Stuck,1
46.861,Stuck,1
47.002,Stuck,1
47.144,Stuck,1
47.286,Stuck,1
47.427,Stuck,1
47.569,Stuck,1
47.711,Stuck,1
47.852,Stuck,1
47.994,Stuck,1
48.135,Stuck,1
48.277,Stuck,1
48.419,Stuck,1
48.56,Stuck,1
48.702,Stuck,1
48.843,Stuck,0
48.985,Stuck,0
49.127,Stuck,0
49.268,Stuck,0
49.41,Stuck,0
49.552,Stuck,0
49.693,Stuck,0
49.835,Stuck,0
49.976,Stuck,0
50.118,Stuck,1
50.26,Stuck,1
50.401,Stuck,1
50.543,Stuck,1
50.684,Stuck,1
50.826,Stuck,1
50.968,Stuck,1
51.109,Stuck,0
51.251,Stuck,0
51.393,Stuck,0
51.534,Stuck,0
51.676,Stuck,0
51.817,Stuck,0
51.959,Stuck,0
52.101,Stuck,0
52.242,Stuck,0
52.384,Stuck,0
52.525,Stuck,0
52.667,Stuck,0
52.809,Stuck,0
52.95,Stuck,1
53.092,Stuck,1
53.234,Stuck,1
53.375,Stuck,1
53.517,Stuck,1
53.658,Stuck,1
53.8,Stuck,1
53.942,Stuck,0
54.083,Stuck,0
54.225,Stuck,0
54.366,Stuck,0
54.508,Stuck,0
54.65,Stuck,0
54.791,Stuck,0
54.933,Stuck,0
55.075,Stuck,0
55.216,Stuck,0
55.358,Stuck,0
55.499,Stuck,0
55.641,Stuck,0
55.783,Stuck,0
55.924,Stuck,0
56.066,Stuck,0
56.207,Stuck,0
56.349,Stuck,0
56.491,Stuck,0
56.632,Stuck,0
56.774,Stuck,0
56.915,Stuck,0
57.057,Stuck,0
57.199,Stuck,0
57.34,Stuck,0
57.482,Stuck,0
57.624,Stuck,0
57.765,Stuck,0
57.907,Stuck,0
58.048,Stuck,0
58.19,Stuck,0
58.332,Stuck,0
58.473,Stuck,0
58.615,Stuck,0
58.756,Stuck,0
58.898,Stuck,0
59.04,Stuck,0
59.181,Stuck,0
59.323,Stuck,0
59.465,Stuck,0
59.606,Stuck,0
59.748,Stuck,0
59.889,Stuck,0
60.031,Stuck,0
60.173,Stuck,0
60.314,Stuck,0
60.456,Stuck,0
60.597,Stuck,0
60.739,Stuck,0
60.881,Stuck,0
61.022,Stuck,0
61.164,Stuck,0
61.306,Stuck,0
61.447,Stuck,0
61.589,Stuck,0
61.73,Stuck,0
61.872,Stuck,0
62.014,Stuck,0
62.155,Stuck,0
62.297,Stuck,0
62.438,Stuck,0
62.58,Stuck,0
62.722,Stuck,0
62.863,Stuck,0
63.005,Stuck,0
63.147,Stuck,0
63.288,Stuck,0
63.43,Stuck,0
63.571,Stuck,0
63.713,Stuck,0
63.855,Stuck,0
63.996,Stuck,0
64.138,Stuck,0
64.279,Stuck,0
64.421,Stuck,0
64.563,Stuck,0
64.704,Stuck,0
64.846,Stuck,0
64.988,Stuck,0
65.129,Stuck,0
65.271,Stuck,0
65.412,Stuck,0
65.554,Stuck,0
65.696,Stuck,0
65.837,Stuck,0
65.979,Stuck,0
66.12,Stuck,0
66.262,Stuck,0
66.404,Stuck,0
66.545,Stuck,0
66.687,Stuck,0
66.828,Stuck,0
66.97,Stuck,0
67.112,Stuck,0
67.253,Stuck,0
67.395,Stuck,0
67.537,Stuck,0
67.678,Stuck,0
67.82,Stuck,0
67.961,Stuck,0
68.103,Stuck,0
68.245,Stuck,0
68.386,Stuck,0
68.528,Stuck,0
68.669,Stuck,0
68.811,Stuck,0
68.953,Stuck,0
69.094,Stuck,0
69.236,Stuck,0
69.378,Stuck,0
69.519,Stuck,0
69.661,Stuck,0
69.802,Stuck,0
69.944,Stuck,0
70.086,Stuck,0
70.227,Stuck,0
70.369,Stuck,0
70.51,Stuck,0
70.652,Stuck,0
70.794,Stuck,0
70.935,Stuck,0
71.077,Stuck,0
71.219,Stuck,0
71.36,Stuck,0
71.502,Stuck,0
71.643,Stuck,0
71.785,Stuck,0
71.927,Stuck,0
72.068,Stuck,0
72.21,Stuck,0
72.351,Stuck,0
72.493,Stuck,0
72.635,Stuck,0
72.776,Stuck,0
72.918,Stuck,0
73.06,Stuck,0
73.201,Stuck,0
73.343,Stuck,0
73.484,Stuck,0
73.626,Stuck,0
73.768,Stuck,0
73.909,Stuck,0
74.051,Stuck,0
74.192,Stuck,0
74.334,Stuck,0
74.476,Stuck,0
74.617,Stuck,0
74.759,Stuck,0
74.901,Stuck,0
75.042,Stuck,0
75.184,Stuck,0
75.325,Stuck,0
75.467,Stuck,0
75.609,Stuck,0
75.75,Stuck,0
75.892,Stuck,0
76.033,Stuck,0
76.175,Stuck,0
76.317,Stuck,0
76.458,Stuck,0
76.6,Stuck,0
76.741,Stuck,0
76.883,Stuck,0
77.025,Stuck,0
77.166,Stuck,0
77.308,Stuck,0
77.45,Stuck,0
77.591,Stuck,0
77.733,Stuck,0
77.874,Stuck,0
78.016,Stuck,0
78.158,Stuck,0
78.299,Stuck,0
78.441,Stuck,0
78.582,Stuck,0
78.724,Stuck,0
78.866,Stuck,0
79.007,Stuck,0
79.149,Stuck,0
79.291,Stuck,0
79.432,Stuck,0
79.574,Stuck,0
79.715,Stuck,0
79.857,Stuck,0
79.999,Stuck,0
80.14,Stuck,0
80.282,Stuck,0
80.423,Stuck,0
80.565,Stuck,0
80.707,Stuck,0
80.848,Stuck,0
80.99,Stuck,0
81.132,Stuck,0
81.273,Stuck,0
81.415,Stuck,0
81.556,Stuck,0
81.698,Stuck,0
81.84,Stuck,0
81.981,Stuck,0
82.123,Stuck,0
82.264,Stuck,0
82.406,Stuck,0
82.548,Stuck,0
82.689,Stuck,0
82.831,Stuck,0
82.973,Stuck,0
83.114,Stuck,0
83.256,Stuck,0
83.397,Stuck,0
83.539,Stuck,0
83.681,Stuck,0
83.822,Stuck,0
83.964,Stuck,0
84.105,Stuck,0
84.247,Stuck,0
84.389,Stuck,0
84.53,Stuck,0
84.672,Stuck,0
84.813,Stuck,0
84.955,Stuck,0
85.097,Stuck,0
85.238,Stuck,0
85.38,Stuck,0
85.522,Stuck,0
85.663,Stuck,0
85.805,Stuck,0
85.946,Stuck,0
86.088,Stuck,0
86.23,Stuck,0
86.371,Stuck,0
86.513,Stuck,0
86.654,Stuck,0
86.796,Stuck,0
86.938,Stuck,0
87.079,Stuck,0
87.221,Stuck,0
87.363,Stuck,0
87.504,Stuck,0
87.646,Stuck,0
87.787,Stuck,0
87.929,Stuck,0
88.071,Stuck,0
88.212,Stuck,0
88.354,Stuck,0
88.495,Stuck,0
88.637,Stuck,0
88.779,Stuck,0
88.92,Stuck,0
89.062,Stuck,0
89.204,Stuck,0
89.345,Stuck,0
89.487,Stuck,0
89.628,Stuck,0
89.77,Stuck,0
89.912,Stuck,0
90.053,Stuck,0
90.195,Stuck,0
90.336,Stuck,0
90.478,Stuck,0
90.62,Stuck,0
90.761,Stuck,0
90.903,Stuck,0
91.045,Stuck,0
91.186,Stuck,0
91.328,Stuck,0
91.469,Stuck,0
91.611,Stuck,0
91.753,Stuck,0
91.894,Stuck,0
92.036,Stuck,0
92.177,Stuck,0
92.319,Stuck,0
92.461,Stuck,0
92.602,Stuck,0
92.744,Stuck,0
92.886,Stuck,0
93.027,Stuck,0
93.169,Stuck,0
93.31,Stuck,0
93.452,Stuck,0
93.594,Stuck,0
93.735,Stuck,0
93.877,Stuck,0
94.018,Stuck,0
94.16,Stuck,0
94.302,Stuck,0
94.443,Stuck,0
94.585,Stuck,0
94.726,Stuck,0
94.868,Stuck,0
95.01,Stuck,0
95.151,Stuck,0
95.293,Stuck,0
95.435,Stuck,0
95.576,Stuck,0
95.718,Stuck,0
95.859,Stuck,0
96.001,Stuck,0
96.143,Stuck,0
96.284,Stuck,0
96.426,Stuck,0
96.567,Stuck,0
96.709,Stuck,0
96.851,Stuck,0
96.992,Stuck,0
97.134,Stuck,0
97.276,Stuck,0
97.417,Stuck,0
97.559,Stuck,0
97.7,Stuck,0
97.842,Stuck,0
97.984,Stuck,0
98.125,Stuck,0
98.267,Stuck,0
98.408,Stuck,0
98.55,Stuck,0
98.692,Stuck,0
98.833,Stuck,0
98.975,Stuck,0
99.117,Stuck,0
99.258,Stuck,0
99.4,Stuck,0
99.541,Stuck,0
99.683,Stuck,0
99.825,Stuck,0
99.966,Stuck,0
100.108,Stuck,0
100.249,Stuck,0
100.391,Stuck,0
100.533,Stuck,0
100.674,Stuck,0
100.816,Stuck,0
100.958,Stuck,0
101.099,Stuck,0
101.241,Stuck,0
101.382,Stuck,0
101.524,Stuck,0
101.666,Stuck,0
101.807,Stuck,0
101.949,Stuck,0
102.09,Stuck,0
102.232,Stuck,0
102.374,Stuck,0
102.515,Stuck,0
102.657,Stuck,1
-0.013,Flat,1
0.128,Flat,1
0.27,Flat,1
0.411,Flat,1
0.553,Flat,1
0.695,Flat,1
0.836,Flat,1
0.978,Flat,1
1.119,Flat,1
1.261,Flat,1
1.403,Flat,1
1.544,Flat,1
1.686,Flat,1
1.828,Flat,1
1.969,Flat,1
2.111,Flat,1
2.252,Flat,1
2.394,Flat,1
2.536,Flat,1
2.677,Flat,1
2.819,Flat,1
2.96,Flat,1
3.102,Flat,1
3.244,Flat,1
3.385,Flat,1
3.527,Flat,1
3.669,Flat,1
3.81,Flat,1
3.952,Flat,1
4.093,Flat,1
4.235,Flat,1
4.377,Flat,1
4.518,Flat,1
4.66,Flat,1
4.801,Flat,1
4.943,Flat,1
5.085,Flat,1
5.226,Flat,1
5.368,Flat,1
5.51,Flat,1
5.651,Flat,1
5.793,Flat,1
5.934,Flat,1
6.076,Flat,1
6.218,Flat,1
6.359,Flat,1
6.501,Flat,1
6.642,Flat,1
6.784,Flat,1
6.926,Flat,1
7.067,Flat,1
7.209,Flat,1
7.351,Flat,1
7.492,Flat,1
7.634,Flat,1
7.775,Flat,1
7.917,Flat,1
8.059,Flat,1
8.2,Flat,1
8.342,Flat,1
8.483,Flat,1
8.625,Flat,1
8.767,Flat,1
8.908,Flat,1
9.05,Flat,1
9.191,Flat,1
9.333,Flat,1
9.475,Flat,1
9.616,Flat,1
9.758,Flat,1
9.9,Flat,1
10.041,Flat,1
10.183,Flat,1
10.324,Flat,1
10.466,Flat,1
10.608,Flat,1
10.749,Flat,1
10.891,Flat,1
11.032,Flat,1
11.174,Flat,1
11.316,Flat,1
11.457,Flat,1
11.599,Flat,1
11.741,Flat,1
11.882,Flat,1
12.024,Flat,1
12.165,Flat,1
12.307,Flat,1
12.449,Flat,1
12.59,Flat,1
12.732,Flat,1
12.873,Flat,1
13.015,Flat,1
13.157,Flat,1
13.298,Flat,1
13.44,Flat,1
13.582,Flat,1
13.723,Flat,1
13.865,Flat,1
14.006,Flat,1
14.148,Flat,1
14.29,Flat,1
14.431,Flat,1
14.573,Flat,1
14.714,Flat,1
14.856,Flat,1
14.998,Flat,1
15.139,Flat,1
15.281,Flat,1
15.423,Flat,1
15.564,Flat,1
15.706,Flat,1
15.847,Flat,1
15.989,Flat,1
16.131,Flat,1
16.272,Flat,1
16.414,Flat,1
16.555,Flat,1
16.697,Flat,1
16.839,Flat,1
16.98,Flat,1
17.122,Flat,1
17.264,Flat,1
17.405,Flat,1
17.547,Flat,1
17.688,Flat,1
17.83,Flat,1
17.972,Flat,1
18.113,Flat,1
18.255,Flat,1
18.396,Flat,1
18.538,Flat,1
18.68,Flat,1
18.821,Flat,1
18.963,Flat,1
19.104,Flat,1
19.246,Flat,1
19.388,Flat,1
19.529,Flat,1
19.671,Flat,1
19.813,Flat,1
19.954,Flat,1
20.096,Flat,1
20.237,Flat,1
20.379,Flat,1
20.521,Flat,1
20.662,Flat,1
20.804,Flat,1
20.945,Flat,1
21.087,Flat,1
21.229,Flat,1
21.37,Flat,1
21.512,Flat,1
21.654,Flat,1
21.795,Flat,1
21.937,Flat,1
22.078,Flat,1
22.22,Flat,1
22.362,Flat,1
22.503,Flat,1
22.645,Flat,1
22.786,Flat,1
22.928,Flat,1
23.07,Flat,1
23.211,Flat,1
23.353,Flat,1
23.495,Flat,1
23.636,Flat,1
23.778,Flat,1
23.919,Flat,1
24.061,Flat,1
24.203,Flat,1
24.344,Flat,1
24.486,Flat,1
24.627,Flat,1
24.769,Flat,1
24.911,Flat,1
25.052,Flat,1
25.194,Flat,1
25.336,Flat,1
25.477,Flat,1
25.619,Flat,1
25.76,Flat,1
25.902,Flat,1
26.044,Flat,1
26.185,Flat,1
26.327,Flat,1
26.468,Flat,1
26.61,Flat,1
26.752,Flat,1
26.893,Flat,1
27.035,Flat,1
27.177,Flat,1
27.318,Flat,1
27.46,Flat,1
27.601,Flat,1
27.743,Flat,1
27.885,Flat,1
28.026,Flat,1
28.168,Flat,1
28.309,Flat,1
28.451,Flat,1
28.593,Flat,1
28.734,Flat,1
28.876,Flat,1
29.017,Flat,1
29.159,Flat,1
29.301,Flat,1
29.442,Flat,1
29.584,Flat,1
29.726,Flat,1
29.867,Flat,1
30.009,Flat,1
30.15,Flat,1
30.292,Flat,1
30.434,Flat,1
30.575,Flat,1
30.717,Flat,1
30.858,Flat,1
31.0,Flat,1
31.142,Flat,1
31.283,Flat,1
31.425,Flat,1
31.567,Flat,1
31.708,Flat,1
31.85,Flat,1
31.991,Flat,1
32.133,Flat,1
32.275,Flat,1
32.416,Flat,1
32.558,Flat,1
32.699,Flat,1
32.841,Flat,1
32.983,Flat,1
33.124,Flat,1
33.266,Flat,1
33.408,Flat,1
33.549,Flat,1
33.691,Flat,1
33.832,Flat,1
33.974,Flat,1
34.116,Flat,1
34.257,Flat,1
34.399,Flat,1
34.54,Flat,1
34.682,Flat,1
34.824,Flat,1
34.965,Flat,1
35.107,Flat,1
35.249,Flat,1
35.39,Flat,1
35.532,Flat,1
35.673,Flat,1
35.815,Flat,1
35.957,Flat,1
36.098,Flat,1
36.24,Flat,1
36.381,Flat,1
36.523,Flat,1
36.665,Flat,1
36.806,Flat,1
36.948,Flat,1
37.09,Flat,1
37.231,Flat,1
37.373,Flat,1
37.514,Flat,1
37.656,Flat,1
37.798,Flat,1
37.939,Flat,1
38.081,Flat,1
38.222,Flat,1
38.364,Flat,1
38.506,Flat,1
38.647,Flat,1
38.789,Flat,1
38.93,Flat,1
39.072,Flat,1
39.214,Flat,1
39.355,Flat,1
39.497,Flat,1
39.639,Flat,1
39.78,Flat,1
39.922,Flat,1
40.063,Flat,1
40.205,Flat,1
40.347,Flat,1
40.488,Flat,1
40.63,Flat,1
40.771,Flat,1
40.913,Flat,1
41.055,Flat,1
41.196,Flat,1
41.338,Flat,1
41.48,Flat,1
41.621,Flat,1
41.763,Flat,1
41.904,Flat,1
42.046,Flat,1
42.188,Flat,1
42.329,Flat,1
42.471,Flat,1
42.612,Flat,1
42.754,Flat,1
42.896,Flat,1
43.037,Flat,1
43.179,Flat,1
43.321,Flat,1
43.462,Flat,1
43.604,Flat,1
43.745,Flat,1
43.887,Flat,1
44.029,Flat,1
44.17,Flat,1
44.312,Flat,1
44.453,Flat,1
44.595,Flat,1
44.737,Flat,1
44.878,Flat,1
45.02,Flat,0
45.162,Flat,0
45.303,Flat,0
45.445,Flat,0
45.586,Flat,0
45.728,Flat,0
45.87,Flat,0
46.011,Flat,0
46.153,Flat,0
46.294,Flat,0
46.436,Flat,0
46.578,Flat,0
46.719,Flat,0
46.861,Flat,0
47.002,Flat,0
47.144,Flat,0
47.286,Flat,0
47.427,Flat,0
47.569,Flat,0
47.711,Flat,0
47.852,Flat,0
47.994,Flat,0
48.135,Flat,0
48.277,Flat,0
48.419,Flat,0
48.56,Flat,0
48.702,Flat,0
48.843,Flat,0
48.985,Flat,0
49.127,Flat,0
49.268,Flat,0
49.41,Flat,0
49.552,Flat,0
49.693,Flat,0
49.835,Flat,0
49.976,Flat,0
50.118,Flat,0
50.26,Flat,0
50.401,Flat,0
50.543,Flat,0
50.684,Flat,0
50.826,Flat,0
50.968,Flat,0
51.109,Flat,0
51.251,Flat,0
51.393,Flat,0
51.534,Flat,0
51.676,Flat,0
51.817,Flat,0
51.959,Flat,0
52.101,Flat,0
52.242,Flat,0
52.384,Flat,0
52.525,Flat,0
52.667,Flat,0
52.809,Flat,0
52.95,Flat,0
53.092,Flat,0
53.234,Flat,0
53.375,Flat,0
53.517,Flat,0
53.658,Flat,0
53.8,Flat,0
53.942,Flat,0
54.083,Flat,0
54.225,Flat,0
54.366,Flat,0
54.508,Flat,0
54.65,Flat,0
54.791,Flat,0
54.933,Flat,1
55.075,Flat,1
55.216,Flat,1
55.358,Flat,1
55.499,Flat,1
55.641,Flat,1
55.783,Flat,1
55.924,Flat,0
56.066,Flat,0
56.207,Flat,0
56.349,Flat,0
56.491,Flat,0
56.632,Flat,0
56.774,Flat,0
56.915,Flat,0
57.057,Flat,0
57.199,Flat,0
57.34,Flat,0
57.482,Flat,0
57.624,Flat,0
57.765,Flat,0
57.907,Flat,0
58.048,Flat,0
58.19,Flat,0
58.332,Flat,0
58.473,Flat,0
58.615,Flat,0
58.756,Flat,0
58.898,Flat,0
59.04,Flat,0
59.181,Flat,0
59.323,Flat,0
59.465,Flat,0
59.606,Flat,0
59.748,Flat,0
59.889,Flat,0
60.031,Flat,1
60.173,Flat,1
60.314,Flat,1
60.456,Flat,1
60.597,Flat,1
60.739,Flat,1
60.881,Flat,1
61.022,Flat,1
61.164,Flat,1
61.306,Flat,1
61.447,Flat,1
61.589,Flat,1
61.73,Flat,1
61.872,Flat,1
62.014,Flat,1
62.155,Flat,1
62.297,Flat,1
62.438,Flat,1
62.58,Flat,1
62.722,Flat,1
62.863,Flat,1
63.005,Flat,1
63.147,Flat,1
63.288,Flat,1
63.43,Flat,1
63.571,Flat,1
63.713,Flat,1
63.855,Flat,1
63.996,Flat,1
64.138,Flat,1
64.279,Flat,1
64.421,Flat,1
64.563,Flat,1
64.704,Flat,1
64.846,Flat,1
64.988,Flat,1
65.129,Flat,1
65.271,Flat,1
65.412,Flat,1
65.554,Flat,1
65.696,Flat,1
65.837,Flat,1
65.979,Flat,1
66.12,Flat,1
66.262,Flat,1
66.404,Flat,1
66.545,Flat,1
66.687,Flat,1
66.828,Flat,1
66.97,Flat,1
67.112,Flat,1
67.253,Flat,1
67.395,Flat,1
67.537,Flat,1
67.678,Flat,1
67.82,Flat,1
67.961,Flat,1
68.103,Flat,1
68.245,Flat,1
68.386,Flat,1
68.528,Flat,1
68.669,Flat,1
68.811,Flat,1
68.953,Flat,1
69.094,Flat,1
69.236,Flat,1
69.378,Flat,1
69.519,Flat,1
69.661,Flat,1
69.802,Flat,1
69.944,Flat,1
70.086,Flat,0
70.227,Flat,0
70.369,Flat,0
70.51,Flat,0
70.652,Flat,0
70.794,Flat,0
70.935,Flat,0
71.077,Flat,1
71.219,Flat,1
71.36,Flat,1
71.502,Flat,1
71.643,Flat,1
71.785,Flat,1
71.927,Flat,1
72.068,Flat,1
72.21,Flat,1
72.351,Flat,1
72.493,Flat,1
72.635,Flat,1
72.776,Flat,1
72.918,Flat,1
73.06,Flat,1
73.201,Flat,1
73.343,Flat,1
73.484,Flat,1
73.626,Flat,1
73.768,Flat,1
73.909,Flat,1
74.051,Flat,1
74.192,Flat,1
74.334,Flat,1
74.476,Flat,1
74.617,Flat,1
74.759,Flat,1
74.901,Flat,1
75.042,Flat,1
75.184,Flat,1
75.325,Flat,1
75.467,Flat,1
75.609,Flat,1
75.75,Flat,1
75.892,Flat,1
76.033,Flat,0
76.175,Flat,0
76.317,Flat,0
76.458,Flat,0
76.6,Flat,0
76.741,Flat,0
76.883,Flat,0
77.025,Flat,1
77.166,Flat,1
77.308,Flat,1
77.45,Flat,1
77.591,Flat,1
77.733,Flat,1
77.874,Flat,1
78.016,Flat,1
78.158,Flat,1
78.299,Flat,1
78.441,Flat,1
78.582,Flat,1
78.724,Flat,1
78.866,Flat,1
79.007,Flat,1
79.149,Flat,1
79.291,Flat,1
79.432,Flat,1
79.574,Flat,1
79.715,Flat,1
79.857,Flat,1
79.999,Flat,1
80.14,Flat,1
80.282,Flat,1
80.423,Flat,1
80.565,Flat,1
80.707,Flat,1
80.848,Flat,1
80.99,Flat,1
81.132,Flat,1
81.273,Flat,1
81.415,Flat,1
81.556,Flat,1
81.698,Flat,1
81.84,Flat,1
81.981,Flat,1
82.123,Flat,1
82.264,Flat,1
82.406,Flat,1
82.548,Flat,1
82.689,Flat,1
82.831,Flat,1
82.973,Flat,1
83.114,Flat,0
83.256,Flat,0
83.397,Flat,0
83.539,Flat,0
83.681,Flat,0
83.822,Flat,0
83.964,Flat,0
84.105,Flat,1
84.247,Flat,1
84.389,Flat,1
84.53,Flat,1
84.672,Flat,1
84.813,Flat,1
84.955,Flat,1
85.097,Flat,1
85.238,Flat,1
85.38,Flat,1
85.522,Flat,1
85.663,Flat,1
85.805,Flat,1
85.946,Flat,1
86.088,Flat,1
86.23,Flat,1
86.371,Flat,1
86.513,Flat,1
86.654,Flat,1
86.796,Flat,1
86.938,Flat,1
87.079,Flat,1
87.221,Flat,1
87.363,Flat,1
87.504,Flat,1
87.646,Flat,1
87.787,Flat,1
87.929,Flat,1
88.071,Flat,1
88.212,Flat,1
88.354,Flat,1
88.495,Flat,1
88.637,Flat,1
88.779,Flat,1
88.92,Flat,1
89.062,Flat,1
89.204,Flat,1
89.345,Flat,1
89.487,Flat,1
89.628,Flat,1
89.77,Flat,1
89.912,Flat,1
90.053,Flat,1
90.195,Flat,1
90.336,Flat,1
90.478,Flat,1
90.62,Flat,1
90.761,Flat,1
90.903,Flat,1
91.045,Flat,1
91.186,Flat,1
91.328,Flat,1
91.469,Flat,1
91.611,Flat,1
91.753,Flat,1
91.894,Flat,1
92.036,Flat,1
92.177,Flat,1
92.319,Flat,1
92.461,Flat,1
92.602,Flat,1
92.744,Flat,1
92.886,Flat,1
93.027,Flat,1
93.169,Flat,1
93.31,Flat,1
93.452,Flat,1
93.594,Flat,1
93.735,Flat,1
93.877,Flat,1
94.018,Flat,1
94.16,Flat,1
94.302,Flat,1
94.443,Flat,1
94.585,Flat,1
94.726,Flat,1
94.868,Flat,1
95.01,Flat,1
95.151,Flat,1
95.293,Flat,1
95.435,Flat,1
95.576,Flat,1
95.718,Flat,1
95.859,Flat,1
96.001,Flat,1
96.143,Flat,1
96.284,Flat,1
96.426,Flat,1
96.567,Flat,1
96.709,Flat,1
96.851,Flat,1
96.992,Flat,1
97.134,Flat,1
97.276,Flat,1
97.417,Flat,1
97.559,Flat,1
97.7,Flat,1
97.842,Flat,1
97.984,Flat,1
98.125,Flat,1
98.267,Flat,1
98.408,Flat,1
98.55,Flat,1
98.692,Flat,1
98.833,Flat,1
98.975,Flat,1
99.117,Flat,1
99.258,Flat,1
99.4,Flat,1
99.541,Flat,1
99.683,Flat,1
99.825,Flat,1
99.966,Flat,1
100.108,Flat,1
100.249,Flat,1
100.391,Flat,1
100.533,Flat,1
100.674,Flat,1
100.816,Flat,1
100.958,Flat,1
101.099,Flat,1
101.241,Flat,1
101.382,Flat,1
101.524,Flat,1
101.666,Flat,1
101.807,Flat,1
101.949,Flat,1
102.09,Flat,1
102.232,Flat,1
102.374,Flat,1
102.515,Flat,0
102.657,Flat,1
-0.013,Inclined,1
0.128,Inclined,0
0.27,Inclined,0
0.411,Inclined,0
0.553,Inclined,0
0.695,Inclined,0
0.836,Inclined,0
0.978,Inclined,0
1.119,Inclined,0
1.261,Inclined,0
1.403,Inclined,0
1.544,Inclined,0
1.686,Inclined,0
1.828,Inclined,0
1.969,Inclined,0
2.111,Inclined,0
2.252,Inclined,0
2.394,Inclined,0
2.536,Inclined,0
2.677,Inclined,0
2.819,Inclined,0
2.96,Inclined,0
3.102,Inclined,0
3.244,Inclined,0
3.385,Inclined,0
3.527,Inclined,0
3.669,Inclined,0
3.81,Inclined,0
3.952,Inclined,0
4.093,Inclined,0
4.235,Inclined,0
4.377,Inclined,0
4.518,Inclined,0
4.66,Inclined,0
4.801,Inclined,0
4.943,Inclined,0
5.085,Inclined,0
5.226,Inclined,0
5.368,Inclined,0
5.51,Inclined,0
5.651,Inclined,0
5.793,Inclined,0
5.934,Inclined,0
6.076,Inclined,0
6.218,Inclined,0
6.359,Inclined,0
6.501,Inclined,0
6.642,Inclined,0
6.784,Inclined,0
6.926,Inclined,0
7.067,Inclined,0
7.209,Inclined,0
7.351,Inclined,0
7.492,Inclined,0
7.634,Inclined,0
7.775,Inclined,0
7.917,Inclined,0
8.059,Inclined,0
8.2,Inclined,0
8.342,Inclined,0
8.483,Inclined,0
8.625,Inclined,0
8.767,Inclined,0
8.908,Inclined,0
9.05,Inclined,0
9.191,Inclined,0
9.333,Inclined,0
9.475,Inclined,0
9.616,Inclined,0
9.758,Inclined,0
9.9,Inclined,0
10.041,Inclined,0
10.183,Inclined,0
10.324,Inclined,0
10.466,Inclined,0
10.608,Inclined,0
10.749,Inclined,0
10.891,Inclined,0
11.032,Inclined,0
11.174,Inclined,0
11.316,Inclined,0
11.457,Inclined,0
11.599,Inclined,0
11.741,Inclined,0
11.882,Inclined,0
12.024,Inclined,0
12.165,Inclined,0
12.307,Inclined,0
12.449,Inclined,0
12.59,Inclined,0
12.732,Inclined,0
12.873,Inclined,0
13.015,Inclined,0
13.157,Inclined,0
13.298,Inclined,0
13.44,Inclined,0
13.582,Inclined,0
13.723,Inclined,0
13.865,Inclined,0
14.006,Inclined,0
14.148,Inclined,0
14.29,Inclined,0
14.431,Inclined,0
14.573,Inclined,0
14.714,Inclined,0
14.856,Inclined,0
14.998,Inclined,0
15.139,Inclined,0
15.281,Inclined,0
15.423,Inclined,0
15.564,Inclined,0
15.706,Inclined,0
15.847,Inclined,0
15.989,Inclined,0
16.131,Inclined,0
16.272,Inclined,0
16.414,Inclined,0
16.555,Inclined,0
16.697,Inclined,0
16.839,Inclined,0
16.98,Inclined,0
17.122,Inclined,0
17.264,Inclined,0
17.405,Inclined,0
17.547,Inclined,0
17.688,Inclined,0
17.83,Inclined,0
17.972,Inclined,0
18.113,Inclined,0
18.255,Inclined,0
18.396,Inclined,0
18.538,Inclined,0
18.68,Inclined,0
18.821,Inclined,0
18.963,Inclined,0
19.104,Inclined,0
19.246,Inclined,0
19.388,Inclined,0
19.529,Inclined,0
19.671,Inclined,0
19.813,Inclined,0
19.954,Inclined,0
20.096,Inclined,0
20.237,Inclined,0
20.379,Inclined,0
20.521,Inclined,0
20.662,Inclined,0
20.804,Inclined,0
20.945,Inclined,0
21.087,Inclined,0
21.229,Inclined,0
21.37,Inclined,0
21.512,Inclined,0
21.654,Inclined,0
21.795,Inclined,0
21.937,Inclined,0
22.078,Inclined,0
22.22,Inclined,0
22.362,Inclined,0
22.503,Inclined,0
22.645,Inclined,0
22.786,Inclined,0
22.928,Inclined,0
23.07,Inclined,0
23.211,Inclined,0
23.353,Inclined,0
23.495,Inclined,0
23.636,Inclined,0
23.778,Inclined,0
23.919,Inclined,0
24.061,Inclined,0
24.203,Inclined,0
24.344,Inclined,0
24.486,Inclined,0
24.627,Inclined,0
24.769,Inclined,0
24.911,Inclined,0
25.052,Inclined,0
25.194,Inclined,0
25.336,Inclined,0
25.477,Inclined,0
25.619,Inclined,0
25.76,Inclined,0
25.902,Inclined,0
26.044,Inclined,0
26.185,Inclined,0
26.327,Inclined,0
26.468,Inclined,0
26.61,Inclined,0
26.752,Inclined,0
26.893,Inclined,0
27.035,Inclined,0
27.177,Inclined,0
27.318,Inclined,0
27.46,Inclined,0
27.601,Inclined,0
27.743,Inclined,0
27.885,Inclined,0
28.026,Inclined,0
28.168,Inclined,0
28.309,Inclined,0
28.451,Inclined,0
28.593,Inclined,0
28.734,Inclined,0
28.876,Inclined,0
29.017,Inclined,0
29.159,Inclined,0
29.301,Inclined,0
29.442,Inclined,0
29.584,Inclined,0
29.726,Inclined,0
29.867,Inclined,0
30.009,Inclined,0
30.15,Inclined,0
30.292,Inclined,0
30.434,Inclined,0
30.575,Inclined,0
30.717,Inclined,0
30.858,Inclined,0
31.0,Inclined,0
31.142,Inclined,0
31.283,Inclined,0
31.425,Inclined,0
31.567,Inclined,0
31.708,Inclined,0
31.85,Inclined,0
31.991,Inclined,0
32.133,Inclined,0
32.275,Inclined,0
32.416,Inclined,0
32.558,Inclined,0
32.699,Inclined,0
32.841,Inclined,0
32.983,Inclined,0
33.124,Inclined,0
33.266,Inclined,0
33.408,Inclined,0
33.549,Inclined,0
33.691,Inclined,0
33.832,Inclined,0
33.974,Inclined,0
34.116,Inclined,0
34.257,Inclined,0
34.399,Inclined,0
34.54,Inclined,0
34.682,Inclined,0
34.824,Inclined,0
34.965,Inclined,0
35.107,Inclined,0
35.249,Inclined,0
35.39,Inclined,0
35.532,Inclined,0
35.673,Inclined,0
35.815,Inclined,0
35.957,Inclined,0
36.098,Inclined,0
36.24,Inclined,0
36.381,Inclined,0
36.523,Inclined,0
36.665,Inclined,0
36.806,Inclined,0
36.948,Inclined,0
37.09,Inclined,0
37.231,Inclined,0
37.373,Inclined,0
37.514,Inclined,0
37.656,Inclined,0
37.798,Inclined,0
37.939,Inclined,0
38.081,Inclined,0
38.222,Inclined,0
38.364,Inclined,0
38.506,Inclined,0
38.647,Inclined,0
38.789,Inclined,0
38.93,Inclined,0
39.072,Inclined,0
39.214,Inclined,0
39.355,Inclined,0
39.497,Inclined,0
39.639,Inclined,0
39.78,Inclined,0
39.922,Inclined,0
40.063,Inclined,0
40.205,Inclined,0
40.347,Inclined,0
40.488,Inclined,0
40.63,Inclined,0
40.771,Inclined,0
40.913,Inclined,0
41.055,Inclined,0
41.196,Inclined,0
41.338,Inclined,0
41.48,Inclined,0
41.621,Inclined,0
41.763,Inclined,0
41.904,Inclined,0
42.046,Inclined,0
42.188,Inclined,0
42.329,Inclined,0
42.471,Inclined,0
42.612,Inclined,0
42.754,Inclined,0
42.896,Inclined,0
43.037,Inclined,0
43.179,Inclined,0
43.321,Inclined,0
43.462,Inclined,0
43.604,Inclined,0
43.745,Inclined,0
43.887,Inclined,0
44.029,Inclined,0
44.17,Inclined,0
44.312,Inclined,0
44.453,Inclined,0
44.595,Inclined,0
44.737,Inclined,0
44.878,Inclined,0
45.02,Inclined,1
45.162,Inclined,1
45.303,Inclined,1
45.445,Inclined,1
45.586,Inclined,1
45.728,Inclined,1
45.87,Inclined,1
46.011,Inclined,1
46.153,Inclined,1
46.294,Inclined,1
46.436,Inclined,1
46.578,Inclined,1
46.719,Inclined,1
46.861,Inclined,1
47.002,Inclined,1
47.144,Inclined,1
47.286,Inclined,1
47.427,Inclined,1
47.569,Inclined,1
47.711,Inclined,1
47.852,Inclined,1
47.994,Inclined,1
48.135,Inclined,1
48.277,Inclined,1
48.419,Inclined,1
48.56,Inclined,1
48.702,Inclined,1
48.843,Inclined,1
48.985,Inclined,1
49.127,Inclined,1
49.268,Inclined,1
49.41,Inclined,1
49.552,Inclined,1
49.693,Inclined,1
49.835,Inclined,1
49.976,Inclined,1
50.118,Inclined,1
50.26,Inclined,1
50.401,Inclined,1
50.543,Inclined,1
50.684,Inclined,1
50.826,Inclined,1
50.968,Inclined,1
51.109,Inclined,1
51.251,Inclined,1
51.393,Inclined,1
51.534,Inclined,1
51.676,Inclined,1
51.817,Inclined,1
51.959,Inclined,1
52.101,Inclined,1
52.242,Inclined,1
52.384,Inclined,1
52.525,Inclined,1
52.667,Inclined,1
52.809,Inclined,1
52.95,Inclined,1
53.092,Inclined,1
53.234,Inclined,1
53.375,Inclined,1
53.517,Inclined,1
53.658,Inclined,1
53.8,Inclined,1
53.942,Inclined,1
54.083,Inclined,1
54.225,Inclined,1
54.366,Inclined,1
54.508,Inclined,1
54.65,Inclined,1
54.791,Inclined,1
54.933,Inclined,0
55.075,Inclined,0
55.216,Inclined,0
55.358,Inclined,0
55.499,Inclined,0
55.641,Inclined,0
55.783,Inclined,0
55.924,Inclined,1
56.066,Inclined,1
56.207,Inclined,1
56.349,Inclined,1
56.491,Inclined,1
56.632,Inclined,1
56.774,Inclined,1
56.915,Inclined,1
57.057,Inclined,1
57.199,Inclined,1
57.34,Inclined,1
57.482,Inclined,1
57.624,Inclined,1
57.765,Inclined,1
57.907,Inclined,1
58.048,Inclined,1
58.19,Inclined,1
58.332,Inclined,1
58.473,Inclined,1
58.615,Inclined,1
58.756,Inclined,1
58.898,Inclined,1
59.04,Inclined,1
59.181,Inclined,1
59.323,Inclined,1
59.465,Inclined,1
59.606,Inclined,1
59.748,Inclined,1
59.889,Inclined,1
60.031,Inclined,0
60.173,Inclined,0
60.314,Inclined,0
60.456,Inclined,0
60.597,Inclined,0
60.739,Inclined,0
60.881,Inclined,0
61.022,Inclined,0
61.164,Inclined,0
61.306,Inclined,0
61.447,Inclined,0
61.589,Inclined,0
61.73,Inclined,0
61.872,Inclined,0
62.014,Inclined,0
62.155,Inclined,0
62.297,Inclined,0
62.438,Inclined,0
62.58,Inclined,0
62.722,Inclined,0
62.863,Inclined,0
63.005,Inclined,0
63.147,Inclined,0
63.288,Inclined,0
63.43,Inclined,0
63.571,Inclined,0
63.713,Inclined,0
63.855,Inclined,0
63.996,Inclined,0
64.138,Inclined,0
64.279,Inclined,0
64.421,Inclined,0
64.563,Inclined,0
64.704,Inclined,0
64.846,Inclined,0
64.988,Inclined,0
65.129,Inclined,0
65.271,Inclined,0
65.412,Inclined,0
65.554,Inclined,0
65.696,Inclined,0
65.837,Inclined,0
65.979,Inclined,0
66.12,Inclined,0
66.262,Inclined,0
66.404,Inclined,0
66.545,Inclined,0
66.687,Inclined,0
66.828,Inclined,0
66.97,Inclined,0
67.112,Inclined,0
67.253,Inclined,0
67.395,Inclined,0
67.537,Inclined,0
67.678,Inclined,0
67.82,Inclined,0
67.961,Inclined,0
68.103,Inclined,0
68.245,Inclined,0
68.386,Inclined,0
68.528,Inclined,0
68.669,Inclined,0
68.811,Inclined,0
68.953,Inclined,0
69.094,Inclined,0
69.236,Inclined,0
69.378,Inclined,0
69.519,Inclined,0
69.661,Inclined,0
69.802,Inclined,0
69.944,Inclined,0
70.086,Inclined,1
70.227,Inclined,1
70.369,Inclined,1
70.51,Inclined,1
70.652,Inclined,1
70.794,Inclined,1
70.935,Inclined,1
71.077,Inclined,0
71.219,Inclined,0
71.36,Inclined,0
71.502,Inclined,0
71.643,Inclined,0
71.785,Inclined,0
71.927,Inclined,0
72.068,Inclined,0
72.21,Inclined,0
72.351,Inclined,0
72.493,Inclined,0
72.635,Inclined,0
72.776,Inclined,0
72.918,Inclined,0
73.06,Inclined,0
73.201,Inclined,0
73.343,Inclined,0
73.484,Inclined,0
73.626,Inclined,0
73.768,Inclined,0
73.909,Inclined,0
74.051,Inclined,0
74.192,Inclined,0
74.334,Inclined,0
74.476,Inclined,0
74.617,Inclined,0
74.759,Inclined,0
74.901,Inclined,0
75.042,Inclined,0
75.184,Inclined,0
75.325,Inclined,0
75.467,Inclined,0
75.609,Inclined,0
75.75,Inclined,0
75.892,Inclined,0
76.033,Inclined,1
76.175,Inclined,1
76.317,Inclined,1
76.458,Inclined,1
76.6,Inclined,1
76.741,Inclined,1
76.883,Inclined,1
77.025,Inclined,0
77.166,Inclined,0
77.308,Inclined,0
77.45,Inclined,0
77.591,Inclined,0
77.733,Inclined,0
77.874,Inclined,0
78.016,Inclined,0
78.158,Inclined,0
78.299,Inclined,0
78.441,Inclined,0
78.582,Inclined,0
78.724,Inclined,0
78.866,Inclined,0
79.007,Inclined,0
79.149,Inclined,0
79.291,Inclined,0
79.432,Inclined,0
79.574,Inclined,0
79.715,Inclined,0
79.857,Inclined,0
79.999,Inclined,0
80.14,Inclined,0
80.282,Inclined,0
80.423,Inclined,0
80.565,Inclined,0
80.707,Inclined,0
80.848,Inclined,0
80.99,Inclined,0
81.132,Inclined,0
81.273,Inclined,0
81.415,Inclined,0
81.556,Inclined,0
81.698,Inclined,0
81.84,Inclined,0
81.981,Inclined,0
82.123,Inclined,0
82.264,Inclined,0
82.406,Inclined,0
82.548,Inclined,0
82.689,Inclined,0
82.831,Inclined,0
82.973,Inclined,0
83.114,Inclined,1
83.256,Inclined,1
83.397,Inclined,1
83.539,Inclined,1
83.681,Inclined,1
83.822,Inclined,1
83.964,Inclined,1
84.105,Inclined,0
84.247,Inclined,0
84.389,Inclined,0
84.53,Inclined,0
84.672,Inclined,0
84.813,Inclined,0
84.955,Inclined,0
85.097,Inclined,0
85.238,Inclined,0
85.38,Inclined,0
85.522,Inclined,0
85.663,Inclined,0
85.805,Inclined,0
85.946,Inclined,0
86.088,Inclined,0
86.23,Inclined,0
86.371,Inclined,0
86.513,Inclined,0
86.654,Inclined,0
86.796,Inclined,0
86.938,Inclined,0
87.079,Inclined,0
87.221,Inclined,0
87.363,Inclined,0
87.504,Inclined,0
87.646,Inclined,0
87.787,Inclined,0
87.929,Inclined,0
88.071,Inclined,0
88.212,Inclined,0
88.354,Inclined,0
88.495,Inclined,0
88.637,Inclined,0
88.779,Inclined,0
88.92,Inclined,0
89.062,Inclined,0
89.204,Inclined,0
89.345,Inclined,0
89.487,Inclined,0
89.628,Inclined,0
89.77,Inclined,0
89.912,Inclined,0
90.053,Inclined,0
90.195,Inclined,0
90.336,Inclined,0
90.478,Inclined,0
90.62,Inclined,0
90.761,Inclined,0
90.903,Inclined,0
91.045,Inclined,0
91.186,Inclined,0
91.328,Inclined,0
91.469,Inclined,0
91.611,Inclined,0
91.753,Inclined,0
91.894,Inclined,0
92.036,Inclined,0
92.177,Inclined,0
92.319,Inclined,0
92.461,Inclined,0
92.602,Inclined,0
92.744,Inclined,0
92.886,Inclined,0
93.027,Inclined,0
93.169,Inclined,0
93.31,Inclined,0
93.452,Inclined,0
93.594,Inclined,0
93.735,Inclined,0
93.877,Inclined,0
94.018,Inclined,0
94.16,Inclined,0
94.302,Inclined,0
94.443,Inclined,0
94.585,Inclined,0
94.726,Inclined,0
94.868,Inclined,0
95.01,Inclined,0
95.151,Inclined,0
95.293,Inclined,0
95.435,Inclined,0
95.576,Inclined,0
95.718,Inclined,0
95.859,Inclined,0
96.001,Inclined,0
96.143,Inclined,0
96.284,Inclined,0
96.426,Inclined,0
96.567,Inclined,0
96.709,Inclined,0
96.851,Inclined,0
96.992,Inclined,0
97.134,Inclined,0
97.276,Inclined,0
97.417,Inclined,0
97.559,Inclined,0
97.7,Inclined,0
97.842,Inclined,0
97.984,Inclined,0
98.125,Inclined,0
98.267,Inclined,0
98.408,Inclined,0
98.55,Inclined,0
98.692,Inclined,0
98.833,Inclined,0
98.975,Inclined,0
99.117,Inclined,0
99.258,Inclined,0
99.4,Inclined,0
99.541,Inclined,0
99.683,Inclined,0
99.825,Inclined,0
99.966,Inclined,0
100.108,Inclined,0
100.249,Inclined,0
100.391,Inclined,0
100.533,Inclined,0
100.674,Inclined,0
100.816,Inclined,0
100.958,Inclined,0
101.099,Inclined,0
101.241,Inclined,0
101.382,Inclined,0
101.524,Inclined,0
101.666,Inclined,0
101.807,Inclined,0
101.949,Inclined,0
102.09,Inclined,0
102.232,Inclined,0
102.374,Inclined,0
102.515,Inclined,0
102.657,Inclined,1
