series,time_s,value
std_accel_z,-0.106,-0.0058
std_accel_z,0.033,0.0116
std_accel_z,0.172,0.0116
std_accel_z,0.31,0.0116
std_accel_z,0.449,0.0116
std_accel_z,0.588,0.0116
std_accel_z,0.726,0.0116
std_accel_z,0.865,0.0116
std_accel_z,1.004,0.0116
std_accel_z,1.142,0.4565
std_accel_z,1.281,1.577
std_accel_z,1.42,2.7409
std_accel_z,1.558,2.5671
std_accel_z,1.697,2.4106
std_accel_z,1.836,2.4454
std_accel_z,1.974,2.3411
std_accel_z,2.113,2.2368
std_accel_z,2.252,2.2194
std_accel_z,2.39,2.1846
std_accel_z,2.529,2.0977
std_accel_z,2.668,2.1846
std_accel_z,2.806,2.2715
std_accel_z,2.945,2.0108
std_accel_z,3.084,2.0803
std_accel_z,3.222,2.1435
std_accel_z,3.361,2.3411
std_accel_z,3.5,2.5149
std_accel_z,3.638,2.6366
std_accel_z,3.777,2.6192
std_accel_z,3.916,2.6366
std_accel_z,4.054,2.654
std_accel_z,4.193,2.5497
std_accel_z,4.332,2.5671
std_accel_z,4.47,2.4975
std_accel_z,4.609,2.2715
std_accel_z,4.748,2.2715
std_accel_z,4.886,2.2889
std_accel_z,5.025,2.2368
std_accel_z,5.164,2.4106
std_accel_z,5.302,2.4106
std_accel_z,5.441,2.3411
std_accel_z,5.58,2.2889
std_accel_z,5.718,2.0977
std_accel_z,5.857,1.8891
std_accel_z,5.996,1.9239
std_accel_z,6.134,2.2715
std_accel_z,6.273,2.6018
std_accel_z,6.412,2.8974
std_accel_z,6.55,2.9495
std_accel_z,6.689,2.88
std_accel_z,6.828,2.8104
std_accel_z,6.967,2.5671
std_accel_z,7.105,2.4628
std_accel_z,7.244,2.2368
std_accel_z,7.383,2.0629
std_accel_z,7.521,1.9586
std_accel_z,7.66,2.2194
std_accel_z,7.799,2.3063
std_accel_z,7.937,2.349
std_accel_z,8.076,2.428
std_accel_z,8.215,2.4975
std_accel_z,8.353,2.3063
std_accel_z,8.492,2.4106
std_accel_z,8.631,2.4812
std_accel_z,8.769,2.5149
std_accel_z,8.908,2.5497
std_accel_z,9.047,2.3585
std_accel_z,9.185,2.1672
std_accel_z,9.324,1.9586
std_accel_z,9.463,1.9239
std_accel_z,9.601,2.0803
std_accel_z,9.74,2.2889
std_accel_z,9.879,2.3063
std_accel_z,10.017,2.1325
std_accel_z,10.156,2.1672
std_accel_z,10.295,2.3585
std_accel_z,10.433,2.3411
std_accel_z,10.572,2.5323
std_accel_z,10.711,2.5845
std_accel_z,10.849,2.4975
std_accel_z,10.988,2.3758
std_accel_z,11.127,2.4975
std_accel_z,11.265,2.4106
std_accel_z,11.404,2.4106
std_accel_z,11.543,2.6297
std_accel_z,11.681,2.7061
std_accel_z,11.82,2.88
std_accel_z,11.959,2.88
std_accel_z,12.097,2.7931
std_accel_z,12.236,2.3932
std_accel_z,12.375,2.4106
std_accel_z,12.513,2.4975
std_accel_z,12.652,2.5671
std_accel_z,12.791,2.7583
std_accel_z,12.929,2.7061
std_accel_z,13.068,2.6888
std_accel_z,13.207,2.8626
std_accel_z,13.345,3.0017
std_accel_z,13.484,2.9669
std_accel_z,13.623,2.9495
std_accel_z,13.761,2.9669
std_accel_z,13.9,2.9843
std_accel_z,14.039,3.1581
std_accel_z,14.177,3.2624
std_accel_z,14.732,3.2624
std_accel_z,14.871,3.2624
std_accel_z,15.009,3.2624
std_accel_z,15.148,3.2624
std_accel_z,15.287,3.2624
std_accel_z,15.425,3.2624
std_accel_z,15.564,3.2624
std_accel_z,15.703,3.2624
std_accel_z,15.841,3.2624
std_accel_z,15.98,3.2624
std_accel_z,16.119,3.697
std_accel_z,16.257,4.5141
std_accel_z,16.396,5.644
std_accel_z,16.535,5.3311
std_accel_z,16.673,5.0008
std_accel_z,16.812,4.1316
std_accel_z,16.951,3.0886
std_accel_z,17.089,1.6631
std_accel_z,17.228,1.8022
std_accel_z,17.367,2.2542
std_accel_z,17.505,3.2277
std_accel_z,17.644,3.5927
std_accel_z,17.783,3.8013
std_accel_z,17.921,3.5753
std_accel_z,18.06,3.9752
std_accel_z,18.199,3.9752
std_accel_z,18.337,4.2012
std_accel_z,18.476,4.5836
std_accel_z,18.615,5.4007
std_accel_z,18.753,5.5571
std_accel_z,18.892,5.2964
std_accel_z,19.031,4.7053
std_accel_z,19.169,4.0969
std_accel_z,19.308,3.0886
std_accel_z,19.447,2.6508
std_accel_z,19.585,2.5323
std_accel_z,19.724,3.0191
std_accel_z,19.863,3.6449
std_accel_z,20.001,3.9578
std_accel_z,20.14,4.3229
std_accel_z,20.279,4.4793
std_accel_z,20.417,4.4098
std_accel_z,20.556,4.3924
std_accel_z,20.695,5.4181
std_accel_z,20.833,6.1482
std_accel_z,20.972,6.322
std_accel_z,21.111,6.0265
std_accel_z,21.249,5.7657
std_accel_z,21.388,4.1316
std_accel_z,21.527,3.1276
std_accel_z,21.665,2.5323
std_accel_z,21.804,2.5149
std_accel_z,21.943,2.7931
std_accel_z,22.081,3.1755
std_accel_z,22.22,3.3667
std_accel_z,22.775,3.3667
std_accel_z,22.913,3.3667
std_accel_z,23.052,3.3667
std_accel_z,23.191,3.3667
std_accel_z,23.329,3.3667
std_accel_z,23.468,3.3667
std_accel_z,23.607,3.3667
std_accel_z,23.745,3.3667
std_accel_z,23.884,3.3667
std_accel_z,24.023,3.3667
std_accel_z,24.161,3.3667
std_accel_z,24.3,3.3667
std_accel_z,24.439,3.3146
std_accel_z,24.577,3.245
std_accel_z,24.716,3.1755
std_accel_z,24.855,3.1581
std_accel_z,24.993,2.9669
std_accel_z,25.132,2.1499
std_accel_z,25.271,2.2889
std_accel_z,25.409,3.471
std_accel_z,25.548,3.6275
std_accel_z,25.687,3.784
std_accel_z,25.825,3.5753
std_accel_z,25.964,3.2277
std_accel_z,26.103,2.5323
std_accel_z,26.241,2.8626
std_accel_z,26.38,3.2277
std_accel_z,26.519,3.4363
std_accel_z,26.657,3.4363
std_accel_z,26.796,3.558
std_accel_z,26.935,3.0712
std_accel_z,27.073,2.9147
std_accel_z,27.212,2.8974
std_accel_z,27.351,3.1875
std_accel_z,27.489,3.1581
std_accel_z,27.628,3.3667
std_accel_z,27.767,3.4189
std_accel_z,27.905,3.1929
std_accel_z,28.044,3.0191
std_accel_z,28.183,2.9843
std_accel_z,28.321,2.2715
std_accel_z,28.46,1.4545
std_accel_z,28.599,1.4023
std_accel_z,28.737,1.8335
std_accel_z,28.876,2.202
std_accel_z,29.015,2.4801
std_accel_z,29.153,2.5323
std_accel_z,29.292,3.0017
std_accel_z,29.431,3.1929
std_accel_z,29.569,3.1929
std_accel_z,29.708,2.9147
std_accel_z,29.847,3.4189
std_accel_z,29.985,3.6101
std_accel_z,30.124,3.7144
std_accel_z,30.263,3.5232
std_accel_z,30.402,3.558
std_accel_z,30.54,3.5753
std_accel_z,30.679,3.5753
std_accel_z,30.818,3.5753
std_accel_z,30.956,3.5753
std_accel_z,31.095,3.5753
std_accel_z,31.234,3.5753
std_accel_z,31.372,3.5753
std_accel_z,31.511,3.5753
std_accel_z,31.65,3.5753
std_accel_z,31.788,3.5753
std_accel_z,31.927,3.5753
std_accel_z,32.066,3.5753
std_accel_z,32.204,3.5753
std_accel_z,32.343,3.5753
std_accel_z,32.482,3.5753
std_accel_z,32.62,3.5406
std_accel_z,32.759,3.5406
std_accel_z,32.898,3.5927
std_accel_z,33.036,3.697
std_accel_z,33.175,3.6623
std_accel_z,33.314,3.1755
std_accel_z,33.452,2.654
std_accel_z,33.591,2.5497
std_accel_z,33.73,2.5323
std_accel_z,33.868,2.4975
std_accel_z,34.007,1.4204
std_accel_z,34.146,0.7591
std_accel_z,34.284,0.7591
std_accel_z,34.423,1.1763
std_accel_z,34.978,1.2633
std_accel_z,35.116,1.524
std_accel_z,35.255,1.5588
std_accel_z,35.394,2.8626
std_accel_z,35.532,3.9752
std_accel_z,35.671,4.149
std_accel_z,35.81,4.2186
std_accel_z,35.948,2.9872
std_accel_z,36.087,2.4106
std_accel_z,36.226,1.8369
std_accel_z,36.364,1.976
std_accel_z,36.503,1.976
std_accel_z,36.642,2.4801
std_accel_z,36.78,2.8626
std_accel_z,36.919,3.3146
std_accel_z,37.058,3.332
std_accel_z,37.196,2.9669
std_accel_z,37.335,2.428
std_accel_z,37.751,1.2806
std_accel_z,37.89,1.4893
std_accel_z,38.028,2.4432
std_accel_z,38.167,3.2624
std_accel_z,38.306,3.2972
std_accel_z,38.444,3.471
std_accel_z,38.583,3.697
std_accel_z,38.722,3.697
std_accel_z,39.415,3.697
std_accel_z,39.554,3.697
std_accel_z,39.692,3.697
std_accel_z,39.831,3.697
std_accel_z,39.97,3.697
std_accel_z,40.108,3.697
std_accel_z,40.247,3.697
std_accel_z,40.386,3.697
std_accel_z,40.524,3.697
std_accel_z,40.663,3.697
std_accel_z,40.802,3.4537
std_accel_z,40.94,3.0191
std_accel_z,41.079,2.4975
std_accel_z,41.772,3.471
std_accel_z,41.911,3.8187
std_accel_z,42.05,4.4793
std_accel_z,42.188,4.858
std_accel_z,42.327,4.9139
std_accel_z,42.466,4.6112
std_accel_z,42.604,3.471
std_accel_z,42.743,3.328
std_accel_z,43.159,1.6631
std_accel_z,43.298,1.75
std_accel_z,43.436,2.0629
std_accel_z,43.575,2.1499
std_accel_z,43.714,2.1499
std_accel_z,43.852,2.428
std_accel_z,43.991,2.7757
std_accel_z,44.13,2.8278
std_accel_z,44.268,2.7757
std_accel_z,44.407,2.4422
std_accel_z,44.546,2.1672
std_accel_z,44.684,2.7061
std_accel_z,44.823,3.5406
std_accel_z,44.962,3.5927
std_accel_z,45.1,3.5753
std_accel_z,45.239,3.6101
std_accel_z,45.378,2.9495
std_accel_z,45.516,1.779
std_accel_z,45.655,1.3502
std_accel_z,45.794,1.2111
std_accel_z,45.932,1.1242
std_accel_z,46.071,1.0547
std_accel_z,46.21,1.8543
std_accel_z,46.348,2.5497
std_accel_z,46.487,4.0969
std_accel_z,46.626,4.1664
std_accel_z,46.764,4.1838
std_accel_z,46.903,4.2012
std_accel_z,47.042,4.2012
std_accel_z,47.18,4.2012
std_accel_z,47.319,4.2012
std_accel_z,47.458,4.2012
std_accel_z,47.596,4.2012
std_accel_z,47.735,4.2012
std_accel_z,47.874,4.2012
std_accel_z,48.012,4.2012
std_accel_z,48.151,4.2012
std_accel_z,48.29,4.2012
std_accel_z,48.428,4.2012
std_accel_z,48.567,4.2012
std_accel_z,48.706,4.2012
std_accel_z,48.844,4.2012
std_accel_z,48.983,3.5753
std_accel_z,49.122,2.4046
std_accel_z,49.26,0.5679
std_accel_z,49.399,1.3189
std_accel_z,49.538,2.1672
std_accel_z,49.676,3.4015
std_accel_z,49.815,3.6391
std_accel_z,49.954,3.6796
std_accel_z,50.092,3.0538
std_accel_z,50.231,2.2715
std_accel_z,50.37,2.3063
std_accel_z,50.508,2.5845
std_accel_z,50.647,2.7061
std_accel_z,50.786,2.654
std_accel_z,50.924,2.7757
std_accel_z,51.063,2.8626
std_accel_z,51.202,2.6888
std_accel_z,51.34,2.2542
std_accel_z,51.479,2.2542
std_accel_z,51.618,1.9934
std_accel_z,51.756,1.8866
std_accel_z,51.895,1.6283
std_accel_z,52.034,1.7674
std_accel_z,52.172,1.9586
std_accel_z,52.311,1.9934
std_accel_z,52.45,1.8196
std_accel_z,52.588,1.6805
std_accel_z,52.727,1.9239
std_accel_z,52.866,2.1846
std_accel_z,53.004,2.4801
std_accel_z,53.143,2.4801
std_accel_z,53.282,2.3585
std_accel_z,53.42,2.1325
std_accel_z,53.559,2.0108
std_accel_z,53.698,2.3063
std_accel_z,53.836,2.4454
std_accel_z,53.975,2.3758
std_accel_z,54.114,1.976
std_accel_z,54.253,1.8022
std_accel_z,54.391,2.5323
std_accel_z,54.53,3.5927
std_accel_z,54.669,3.6275
std_accel_z,54.807,3.6449
std_accel_z,54.946,3.5753
std_accel_z,55.085,2.21
std_accel_z,55.223,1.3502
std_accel_z,55.362,1.4719
std_accel_z,55.501,1.8369
std_accel_z,55.639,1.9586
std_accel_z,55.778,1.9586
std_accel_z,55.917,1.8369
std_accel_z,56.055,1.6109
std_accel_z,56.194,1.7326
std_accel_z,56.333,2.3237
std_accel_z,56.471,3.2277
std_accel_z,56.61,3.4652
std_accel_z,56.749,3.5406
std_accel_z,56.887,3.1581
std_accel_z,57.026,2.7409
std_accel_z,57.165,2.7757
std_accel_z,57.303,3.3146
std_accel_z,57.442,3.5862
std_accel_z,57.581,4.0099
std_accel_z,57.719,3.8187
std_accel_z,57.858,3.8709
std_accel_z,57.997,3.6623
std_accel_z,58.135,3.1929
std_accel_z,58.274,3.1755
std_accel_z,58.413,2.5149
std_accel_z,58.551,2.1756
std_accel_z,58.69,0.5331
std_accel_z,59.106,1.9934
std_accel_z,59.245,1.9934
std_accel_z,59.383,1.9934
std_accel_z,59.522,1.7674
std_accel_z,59.661,1.2111
std_accel_z,59.799,1.4491
std_accel_z,59.938,2.6714
std_accel_z,60.077,2.7061
std_accel_z,60.215,2.6888
std_accel_z,60.354,2.5845
std_accel_z,60.493,2.3411
std_accel_z,60.77,1.8369
std_accel_z,60.909,2.1499
std_accel_z,61.047,2.3585
std_accel_z,61.186,2.8626
std_accel_z,61.325,3.1581
std_accel_z,61.463,3.0886
std_accel_z,61.602,2.8974
std_accel_z,61.741,2.7235
std_accel_z,61.879,3.1581
std_accel_z,62.018,3.7144
std_accel_z,62.157,3.7666
std_accel_z,62.295,3.7666
std_accel_z,62.434,2.2715
std_accel_z,62.573,1.524
std_accel_z,62.711,0.933
std_accel_z,64.375,0.8634
std_accel_z,65.207,2.4975
std_accel_z,65.346,2.5845
std_accel_z,65.485,2.4628
std_accel_z,65.623,2.4454
std_accel_z,65.762,2.6192
std_accel_z,65.901,2.5845
std_accel_z,66.039,2.4801
std_accel_z,66.178,2.4801
std_accel_z,66.317,2.4801
std_accel_z,66.455,2.3758
std_accel_z,66.733,2.1846
std_accel_z,66.871,2.1325
std_accel_z,67.01,2.202
std_accel_z,67.149,2.3411
std_accel_z,67.287,2.6714
std_accel_z,67.426,2.6714
std_accel_z,67.565,2.4628
std_accel_z,67.703,2.3411
std_accel_z,67.842,2.3758
std_accel_z,67.981,2.4454
std_accel_z,68.119,2.5671
std_accel_z,68.258,2.5845
std_accel_z,68.397,2.5149
std_accel_z,68.535,2.5323
std_accel_z,68.674,2.5323
std_accel_z,68.813,2.654
std_accel_z,68.951,2.8626
std_accel_z,69.09,2.8278
std_accel_z,69.229,2.6018
std_accel_z,69.367,2.6018
std_accel_z,69.506,2.6366
std_accel_z,69.645,2.5671
std_accel_z,69.783,2.6366
std_accel_z,69.922,2.5671
std_accel_z,70.061,2.5497
std_accel_z,70.199,2.6614
std_accel_z,70.338,2.6888
std_accel_z,70.477,2.8452
std_accel_z,70.615,2.6192
std_accel_z,70.754,2.5149
std_accel_z,71.031,1.7152
std_accel_z,71.17,1.6979
std_accel_z,71.309,1.9412
std_accel_z,71.447,2.0282
std_accel_z,71.586,2.0629
std_accel_z,71.725,2.0108
std_accel_z,71.863,2.0455
std_accel_z,72.002,2.0629
std_accel_z,72.418,2.3237
std_accel_z,72.557,2.4106
std_accel_z,72.695,2.6018
std_accel_z,72.834,2.7061
std_accel_z,72.973,2.8104
std_accel_z,73.111,2.9495
std_accel_z,73.25,2.9495
std_accel_z,73.389,2.88
std_accel_z,73.527,2.5845
std_accel_z,73.666,2.3411
std_accel_z,73.805,2.1499
std_accel_z,73.943,2.1499
std_accel_z,74.082,2.2368
std_accel_z,74.221,2.1499
std_accel_z,74.359,2.0455
std_accel_z,74.498,1.9586
std_accel_z,74.637,2.0282
std_accel_z,74.775,2.2194
std_accel_z,74.914,2.3237
std_accel_z,75.053,2.4106
std_accel_z,75.191,2.5497
std_accel_z,75.33,2.4628
std_accel_z,75.469,2.5671
std_accel_z,75.607,2.6714
std_accel_z,75.746,2.7235
std_accel_z,75.885,2.6366
std_accel_z,76.023,2.2542
std_accel_z,76.162,2.1151
std_accel_z,76.301,1.9065
std_accel_z,76.439,1.8891
std_accel_z,76.578,2.202
std_accel_z,76.717,2.5149
std_accel_z,76.855,2.7061
std_accel_z,76.994,2.654
std_accel_z,77.133,2.5149
std_accel_z,77.271,2.2368
std_accel_z,77.41,2.202
std_accel_z,77.549,2.1672
std_accel_z,77.688,2.3237
std_accel_z,77.826,2.3237
std_accel_z,77.965,2.2889
std_accel_z,78.104,2.1846
std_accel_z,78.242,2.2889
std_accel_z,78.381,2.4106
std_accel_z,78.52,2.4975
std_accel_z,78.658,2.6192
std_accel_z,78.797,2.6192
std_accel_z,78.936,2.654
std_accel_z,79.074,2.5219
std_accel_z,79.213,2.4454
std_accel_z,79.352,2.3585
std_accel_z,79.49,2.1846
std_accel_z,79.629,2.1325
std_accel_z,79.768,2.1325
std_accel_z,79.906,2.0282
std_accel_z,80.045,2.0185
std_accel_z,80.184,1.9586
std_accel_z,80.322,2.1151
std_accel_z,80.461,2.202
std_accel_z,80.6,2.4106
std_accel_z,80.738,2.5671
std_accel_z,80.877,2.4454
std_accel_z,81.016,2.3411
std_accel_z,81.154,2.2542
std_accel_z,81.293,2.1499
std_accel_z,81.432,2.1499
std_accel_z,81.57,2.202
std_accel_z,81.709,2.1499
std_accel_z,81.848,2.1672
std_accel_z,81.986,2.1846
std_accel_z,82.125,2.202
std_accel_z,82.264,2.2889
std_accel_z,82.402,2.2368
std_accel_z,82.541,2.2194
std_accel_z,82.68,2.2368
std_accel_z,82.818,2.2368
std_accel_z,82.957,2.3411
std_accel_z,83.096,2.4975
std_accel_z,83.234,2.5149
std_accel_z,83.373,2.6192
std_accel_z,83.512,2.4801
std_accel_z,83.65,2.3758
std_accel_z,83.789,2.3063
std_accel_z,83.928,2.2595
std_accel_z,84.066,2.2542
std_accel_z,84.205,2.5323
std_accel_z,84.344,2.6192
std_accel_z,84.482,2.6888
std_accel_z,84.621,2.6714
std_accel_z,84.76,2.6518
std_accel_z,84.898,2.6192
std_accel_z,85.037,2.428
std_accel_z,85.176,2.4628
std_accel_z,85.314,2.4628
std_accel_z,85.453,2.6366
std_accel_z,85.592,2.7931
std_accel_z,85.73,3.106
std_accel_z,85.869,2.9629
std_accel_z,86.008,2.8278
std_accel_z,86.146,2.5671
std_accel_z,86.285,2.2542
std_accel_z,86.424,1.9586
std_accel_z,86.562,2.0108
std_accel_z,86.701,1.9412
std_accel_z,86.84,1.9934
std_accel_z,86.978,2.0977
std_accel_z,87.117,2.0455
std_accel_z,87.256,1.976
std_accel_z,87.394,2.0282
std_accel_z,87.533,2.1325
std_accel_z,87.672,2.1672
std_accel_z,87.81,2.2194
std_accel_z,87.949,2.3237
std_accel_z,88.088,2.3411
std_accel_z,88.226,2.2542
std_accel_z,88.365,2.3932
std_accel_z,88.504,2.3932
std_accel_z,88.642,2.1672
std_accel_z,88.781,1.976
std_accel_z,88.92,1.7674
std_accel_z,89.058,1.75
std_accel_z,89.197,2.0282
std_accel_z,89.336,2.0803
std_accel_z,89.474,1.9412
std_accel_z,89.613,1.9586
std_accel_z,89.752,2.1151
std_accel_z,89.89,2.2194
std_accel_z,90.029,2.2715
std_accel_z,90.168,2.2889
std_accel_z,90.306,2.1672
std_accel_z,90.445,2.1151
std_accel_z,90.584,2.1499
std_accel_z,90.722,2.3063
std_accel_z,90.861,2.4975
std_accel_z,91.0,2.428
std_accel_z,91.138,2.428
std_accel_z,91.277,2.6018
std_accel_z,91.416,2.6192
std_accel_z,91.554,2.654
std_accel_z,91.693,2.7931
std_accel_z,91.832,2.7235
std_accel_z,91.97,2.6018
std_accel_z,92.109,2.5149
std_accel_z,92.248,2.3585
std_accel_z,92.386,1.9586
std_accel_z,92.525,1.8369
std_accel_z,92.664,1.8196
std_accel_z,92.802,1.7674
std_accel_z,92.941,1.6457
std_accel_z,93.08,1.7674
std_accel_z,93.218,1.8196
std_accel_z,93.357,1.8543
std_accel_z,93.496,2.0629
std_accel_z,93.634,2.202
std_accel_z,93.773,2.3411
std_accel_z,93.912,2.3758
std_accel_z,94.05,2.5323
std_accel_z,94.189,2.5671
std_accel_z,94.328,2.5671
std_accel_z,94.466,2.4975
std_accel_z,94.605,2.3237
std_accel_z,94.744,2.428
std_accel_z,94.882,2.5845
std_accel_z,95.021,2.6366
std_accel_z,95.16,2.654
std_accel_z,95.298,2.3411
std_accel_z,95.437,2.3063
std_accel_z,95.576,2.2715
std_accel_z,95.714,2.2368
std_accel_z,95.853,2.0977
std_accel_z,95.992,2.0803
std_accel_z,96.13,1.9586
std_accel_z,96.269,2.1325
std_accel_z,96.408,2.8104
std_accel_z,96.546,3.1929
std_accel_z,96.685,3.4189
std_accel_z,96.824,3.3841
std_accel_z,96.962,3.2972
std_accel_z,97.101,3.2972
std_accel_z,97.24,3.2972
std_accel_z,97.378,3.2972
std_accel_z,97.517,3.3146
std_accel_z,97.656,3.332
std_accel_z,97.794,3.3146
pitch_angle,-0.106,0.8982
pitch_angle,0.033,0.9504
pitch_angle,0.172,1.0373
pitch_angle,0.31,1.0199
pitch_angle,0.449,1.0373
pitch_angle,0.588,0.9851
pitch_angle,0.726,0.9677
pitch_angle,0.865,0.9677
pitch_angle,1.004,0.9851
pitch_angle,1.142,1.072
pitch_angle,1.281,1.0894
pitch_angle,1.42,1.0025
pitch_angle,1.558,1.0025
pitch_angle,1.697,1.0547
pitch_angle,1.836,1.0199
pitch_angle,1.974,1.0199
pitch_angle,2.113,1.072
pitch_angle,2.252,1.0894
pitch_angle,2.39,1.1068
pitch_angle,2.529,1.1068
pitch_angle,2.668,1.0894
pitch_angle,2.806,1.0894
pitch_angle,2.945,1.0199
pitch_angle,3.084,1.0025
pitch_angle,3.222,1.0547
pitch_angle,3.361,1.1416
pitch_angle,3.5,1.0373
pitch_angle,3.638,1.0025
pitch_angle,3.777,1.0373
pitch_angle,3.916,1.0373
pitch_angle,4.054,1.0025
pitch_angle,4.193,0.9851
pitch_angle,4.332,1.0025
pitch_angle,4.47,1.0025
pitch_angle,4.609,1.0547
pitch_angle,4.748,1.0025
pitch_angle,4.886,0.9677
pitch_angle,5.025,0.9504
pitch_angle,5.164,0.9677
pitch_angle,5.302,0.9677
pitch_angle,5.441,1.0199
pitch_angle,5.58,1.0025
pitch_angle,5.718,0.9677
pitch_angle,5.857,0.9851
pitch_angle,5.996,1.0025
pitch_angle,6.134,1.0025
pitch_angle,6.273,0.9851
pitch_angle,6.412,0.9677
pitch_angle,6.55,0.9677
pitch_angle,6.689,1.0025
pitch_angle,6.828,1.0373
pitch_angle,6.967,1.072
pitch_angle,7.105,1.0894
pitch_angle,7.244,1.1068
pitch_angle,7.383,1.1068
pitch_angle,7.521,1.0894
pitch_angle,7.66,1.0894
pitch_angle,7.799,1.1068
pitch_angle,7.937,1.0894
pitch_angle,8.076,1.0199
pitch_angle,8.215,1.0199
pitch_angle,8.353,1.0199
pitch_angle,8.492,1.0894
pitch_angle,8.631,1.072
pitch_angle,8.769,0.9851
pitch_angle,8.908,1.0199
pitch_angle,9.047,1.1068
pitch_angle,9.185,1.0894
pitch_angle,9.324,1.0373
pitch_angle,9.463,1.0547
pitch_angle,9.601,1.0894
pitch_angle,9.74,1.0894
pitch_angle,9.879,1.072
pitch_angle,10.017,1.072
pitch_angle,10.156,0.9504
pitch_angle,10.295,0.9677
pitch_angle,10.433,1.0547
pitch_angle,10.572,1.1068
pitch_angle,10.711,1.1242
pitch_angle,10.849,1.0894
pitch_angle,10.988,1.072
pitch_angle,11.127,1.0025
pitch_angle,11.265,0.6374
pitch_angle,11.404,0.1681
pitch_angle,11.543,0.1507
pitch_angle,11.681,0.1507
pitch_angle,11.82,0.0985
pitch_angle,11.959,0.3419
pitch_angle,12.097,0.3767
pitch_angle,12.236,0.2898
pitch_angle,12.375,0.3245
pitch_angle,12.513,0.3419
pitch_angle,12.652,0.5679
pitch_angle,12.791,0.933
pitch_angle,12.929,1.0894
pitch_angle,13.068,0.9851
pitch_angle,13.207,0.8113
pitch_angle,13.345,0.7939
pitch_angle,13.484,0.9156
pitch_angle,13.623,0.6896
pitch_angle,13.761,0.3593
pitch_angle,13.9,0.3245
pitch_angle,14.039,0.4288
pitch_angle,14.177,0.5158
pitch_angle,14.316,1.8022
pitch_angle,14.455,2.7061
pitch_angle,14.593,2.654
pitch_angle,14.732,1.5588
pitch_angle,14.871,1.0025
pitch_angle,15.009,0.8008
pitch_angle,15.148,0.4984
pitch_angle,15.287,0.4984
pitch_angle,15.425,0.5563
pitch_angle,15.564,0.5505
pitch_angle,15.703,0.8634
pitch_angle,15.841,1.385
pitch_angle,15.98,1.976
pitch_angle,16.119,2.2368
pitch_angle,16.257,1.9586
pitch_angle,16.396,1.9586
pitch_angle,16.535,2.2889
pitch_angle,16.673,1.5588
pitch_angle,16.812,0.6201
pitch_angle,16.951,0.2376
pitch_angle,17.089,0.3941
pitch_angle,17.228,0.4462
pitch_angle,17.367,0.5679
pitch_angle,17.505,0.5158
pitch_angle,17.644,0.3245
pitch_angle,17.783,0.5331
pitch_angle,17.921,0.7244
pitch_angle,18.06,2.0021
pitch_angle,18.199,2.8104
pitch_angle,18.337,3.0191
pitch_angle,18.476,2.6192
pitch_angle,18.615,2.6192
pitch_angle,18.753,2.9321
pitch_angle,18.892,2.7409
pitch_angle,19.031,1.8717
pitch_angle,19.169,1.0199
pitch_angle,19.308,0.5331
pitch_angle,19.447,0.5331
pitch_angle,19.585,0.5679
pitch_angle,19.724,0.6548
pitch_angle,19.863,0.6722
pitch_angle,20.001,0.6548
pitch_angle,20.14,0.7417
pitch_angle,20.279,1.072
pitch_angle,20.417,1.6457
pitch_angle,20.556,1.7848
pitch_angle,20.695,1.0373
pitch_angle,20.833,0.5505
pitch_angle,20.972,0.9504
pitch_angle,21.111,1.0644
pitch_angle,21.249,1.4023
pitch_angle,21.388,0.8982
pitch_angle,21.527,0.7591
pitch_angle,21.665,0.846
pitch_angle,21.804,0.8982
pitch_angle,21.943,0.6722
pitch_angle,22.081,0.5853
pitch_angle,22.22,1.0199
pitch_angle,22.359,2.1672
pitch_angle,22.497,2.6192
pitch_angle,22.636,1.7546
pitch_angle,22.775,1.385
pitch_angle,22.913,1.5762
pitch_angle,23.052,1.976
pitch_angle,23.191,1.6805
pitch_angle,23.329,1.4893
pitch_angle,23.468,1.5414
pitch_angle,23.607,1.6109
pitch_angle,23.745,1.7674
pitch_angle,23.884,1.9239
pitch_angle,24.023,2.0455
pitch_angle,24.161,2.0455
pitch_angle,24.3,2.2194
pitch_angle,24.439,2.5497
pitch_angle,24.577,1.9934
pitch_angle,24.716,0.8113
pitch_angle,24.855,0.255
pitch_angle,24.993,0.1333
pitch_angle,25.132,0.3767
pitch_angle,25.271,0.4984
pitch_angle,25.409,0.5505
pitch_angle,25.548,0.5853
pitch_angle,25.687,0.6548
pitch_angle,25.825,0.5505
pitch_angle,25.964,0.5331
pitch_angle,26.103,0.5853
pitch_angle,26.241,0.7939
pitch_angle,26.38,0.7417
pitch_angle,26.519,0.5679
pitch_angle,26.657,0.3071
pitch_angle,26.796,0.481
pitch_angle,26.935,0.8808
pitch_angle,27.073,1.298
pitch_angle,27.212,1.4023
pitch_angle,27.351,1.385
pitch_angle,27.489,1.0373
pitch_angle,27.628,0.7244
pitch_angle,27.767,0.7591
pitch_angle,27.905,0.8634
pitch_angle,28.044,0.4636
pitch_angle,28.183,0.2028
pitch_angle,28.321,0.1855
pitch_angle,28.46,0.1681
pitch_angle,28.599,0.0985
pitch_angle,28.737,0.3941
pitch_angle,28.876,0.5679
pitch_angle,29.015,0.5853
pitch_angle,29.153,0.255
pitch_angle,29.292,0.2376
pitch_angle,29.431,0.3419
pitch_angle,29.569,0.5331
pitch_angle,29.708,0.4984
pitch_angle,29.847,0.3593
pitch_angle,29.985,0.255
pitch_angle,30.124,0.1159
pitch_angle,30.263,0.0985
pitch_angle,30.402,0.1333
pitch_angle,30.54,0.3245
pitch_angle,30.679,0.6722
pitch_angle,30.818,1.159
pitch_angle,30.956,1.1937
pitch_angle,31.095,1.1242
pitch_angle,31.234,1.3502
pitch_angle,31.372,1.1416
pitch_angle,31.511,1.2111
pitch_angle,31.65,1.4197
pitch_angle,31.788,1.3154
pitch_angle,31.927,0.732
pitch_angle,32.066,0.2898
pitch_angle,32.204,0.1855
pitch_angle,32.343,0.1855
pitch_angle,32.482,0.1333
pitch_angle,32.62,0.0985
pitch_angle,32.759,0.0638
pitch_angle,32.898,0.0985
pitch_angle,33.036,0.1159
pitch_angle,33.175,0.1681
pitch_angle,33.314,0.9677
pitch_angle,33.452,1.0199
pitch_angle,33.591,0.6027
pitch_angle,33.73,1.0199
pitch_angle,33.868,1.385
pitch_angle,34.007,1.6283
pitch_angle,34.146,1.5588
pitch_angle,34.284,1.5762
pitch_angle,34.423,1.6283
pitch_angle,34.562,1.524
pitch_angle,34.7,0.9504
pitch_angle,34.839,0.5158
pitch_angle,34.978,0.5331
pitch_angle,35.116,0.481
pitch_angle,35.255,0.3941
pitch_angle,35.394,0.3767
pitch_angle,35.532,0.3767
pitch_angle,35.671,0.3071
pitch_angle,35.81,0.2376
pitch_angle,35.948,0.3419
pitch_angle,36.087,0.6027
pitch_angle,36.226,0.5331
pitch_angle,36.364,0.2376
pitch_angle,36.503,0.3419
pitch_angle,36.642,0.707
pitch_angle,36.78,0.5853
pitch_angle,36.919,0.2202
pitch_angle,37.058,0.1159
pitch_angle,37.196,0.2724
pitch_angle,37.335,0.6722
pitch_angle,37.474,1.2111
pitch_angle,37.612,1.6457
pitch_angle,37.751,1.8022
pitch_angle,37.89,1.8369
pitch_angle,38.028,1.9239
pitch_angle,38.167,1.9412
pitch_angle,38.306,2.0108
pitch_angle,38.444,1.976
pitch_angle,38.583,1.5588
pitch_angle,38.722,1.0025
pitch_angle,38.86,2.0455
pitch_angle,38.999,3.2972
pitch_angle,39.138,3.8187
pitch_angle,39.276,2.4454
pitch_angle,39.415,1.1242
pitch_angle,39.554,1.1763
pitch_angle,39.692,1.298
pitch_angle,39.831,0.7244
pitch_angle,39.97,0.1507
pitch_angle,40.108,0.1333
pitch_angle,40.247,0.8808
pitch_angle,40.386,1.6979
pitch_angle,40.524,2.2889
pitch_angle,40.663,2.2542
pitch_angle,40.802,2.1846
pitch_angle,40.94,2.202
pitch_angle,41.079,2.1325
pitch_angle,41.218,2.2368
pitch_angle,41.356,2.5323
pitch_angle,41.495,2.654
pitch_angle,41.634,2.0803
pitch_angle,41.772,1.9934
pitch_angle,41.911,2.3758
pitch_angle,42.05,2.1151
pitch_angle,42.188,1.8717
pitch_angle,42.327,1.976
pitch_angle,42.466,2.3411
pitch_angle,42.604,2.5671
pitch_angle,42.743,2.5845
pitch_angle,42.882,1.8923
pitch_angle,43.02,0.9156
pitch_angle,43.159,0.3767
pitch_angle,43.298,0.4636
pitch_angle,43.436,0.4984
pitch_angle,43.575,0.5803
pitch_angle,43.714,0.7244
pitch_angle,43.852,0.846
pitch_angle,43.991,1.1937
pitch_angle,44.13,1.1763
pitch_angle,44.268,1.1937
pitch_angle,44.407,1.5588
pitch_angle,44.546,1.5066
pitch_angle,44.684,1.1242
pitch_angle,44.823,0.8113
pitch_angle,44.962,1.3502
pitch_angle,45.1,2.0803
pitch_angle,45.239,1.9934
pitch_angle,45.378,1.1416
pitch_angle,45.516,0.4462
pitch_angle,45.655,0.0811
pitch_angle,45.794,0.1159
pitch_angle,45.932,0.1333
pitch_angle,46.071,0.1507
pitch_angle,46.21,0.5331
pitch_angle,46.348,0.6027
pitch_angle,46.487,0.5158
pitch_angle,46.626,0.1159
pitch_angle,46.764,0.0985
pitch_angle,46.903,0.5853
pitch_angle,47.042,0.6896
pitch_angle,47.18,0.5853
pitch_angle,47.319,0.3245
pitch_angle,47.458,0.6722
pitch_angle,47.596,0.9156
pitch_angle,47.735,0.8808
pitch_angle,47.874,0.5679
pitch_angle,48.012,0.5158
pitch_angle,48.151,0.7244
pitch_angle,48.29,0.7244
pitch_angle,48.428,0.5158
pitch_angle,48.567,0.2724
pitch_angle,48.706,0.2028
pitch_angle,48.844,0.3941
pitch_angle,48.983,0.5679
pitch_angle,49.122,0.6201
pitch_angle,49.26,0.6722
pitch_angle,49.399,0.7765
pitch_angle,49.538,0.8113
pitch_angle,49.676,0.7939
pitch_angle,49.815,0.7244
pitch_angle,49.954,0.6027
pitch_angle,50.092,0.7417
pitch_angle,50.231,1.1763
pitch_angle,50.37,1.2111
pitch_angle,50.508,1.0025
pitch_angle,50.647,0.9504
pitch_angle,50.786,0.7244
pitch_angle,50.924,0.3941
pitch_angle,51.063,0.3941
pitch_angle,51.202,0.6027
pitch_angle,51.34,0.6896
pitch_angle,51.479,0.6548
pitch_angle,51.618,0.7939
pitch_angle,51.756,1.0331
pitch_angle,51.895,1.2806
pitch_angle,52.034,1.1937
pitch_angle,52.172,1.2459
pitch_angle,52.311,1.298
pitch_angle,52.45,1.0547
pitch_angle,52.588,1.0547
pitch_angle,52.727,1.1242
pitch_angle,52.866,1.1763
pitch_angle,53.004,1.1763
pitch_angle,53.143,1.159
pitch_angle,53.282,0.9851
pitch_angle,53.42,0.8287
pitch_angle,53.559,0.6548
pitch_angle,53.698,0.8718
pitch_angle,53.836,1.2459
pitch_angle,53.975,1.5762
pitch_angle,54.114,1.4023
pitch_angle,54.253,1.4023
pitch_angle,54.391,1.0025
pitch_angle,54.53,0.8634
pitch_angle,54.669,0.8634
pitch_angle,54.807,1.072
pitch_angle,54.946,1.0025
pitch_angle,55.085,0.933
pitch_angle,55.223,0.5853
pitch_angle,55.362,0.6027
pitch_angle,55.501,0.846
pitch_angle,55.639,0.9156
pitch_angle,55.778,0.9156
pitch_angle,55.917,0.9156
pitch_angle,56.055,0.9156
pitch_angle,56.194,1.1416
pitch_angle,56.333,1.2285
pitch_angle,56.471,1.2285
pitch_angle,56.61,0.6096
pitch_angle,56.749,0.4462
pitch_angle,56.887,0.3593
pitch_angle,57.026,0.4462
pitch_angle,57.165,0.4636
pitch_angle,57.303,1.2887
pitch_angle,57.442,1.6631
pitch_angle,57.581,2.0282
pitch_angle,57.719,1.8717
pitch_angle,57.858,1.1068
pitch_angle,57.997,1.0547
pitch_angle,58.135,1.75
pitch_angle,58.274,1.7848
pitch_angle,58.413,1.75
pitch_angle,58.551,1.6805
pitch_angle,58.69,1.4371
pitch_angle,58.829,0.7591
pitch_angle,58.967,0.7244
pitch_angle,59.106,1.4023
pitch_angle,59.245,1.9065
pitch_angle,59.383,1.9239
pitch_angle,59.522,1.9412
pitch_angle,59.661,1.9586
pitch_angle,59.799,2.1325
pitch_angle,59.938,2.1672
pitch_angle,60.077,1.9934
pitch_angle,60.215,1.9934
pitch_angle,60.354,1.976
pitch_angle,60.493,1.6457
pitch_angle,60.631,1.1937
pitch_angle,60.77,1.0373
pitch_angle,60.909,1.4545
pitch_angle,61.047,1.2285
pitch_angle,61.186,0.7557
pitch_angle,61.325,0.6374
pitch_angle,61.463,0.3767
pitch_angle,61.602,0.1507
pitch_angle,61.741,0.1855
pitch_angle,61.879,0.5158
pitch_angle,62.018,0.6027
pitch_angle,62.157,0.3593
pitch_angle,62.295,0.3245
pitch_angle,62.434,0.2898
pitch_angle,62.573,0.2376
pitch_angle,62.711,0.4114
pitch_angle,62.85,0.7244
pitch_angle,62.989,0.9677
pitch_angle,63.127,0.8634
pitch_angle,63.266,0.933
pitch_angle,63.405,1.7342
pitch_angle,63.543,2.0629
pitch_angle,63.682,1.5066
pitch_angle,63.821,0.9677
pitch_angle,63.959,1.0199
pitch_angle,64.098,0.8808
pitch_angle,64.237,1.0373
pitch_angle,64.375,1.0373
pitch_angle,64.514,0.9504
pitch_angle,64.653,0.9504
pitch_angle,64.791,1.072
pitch_angle,64.93,1.0199
pitch_angle,65.069,1.0894
pitch_angle,65.207,1.4023
pitch_angle,65.346,1.9065
pitch_angle,65.485,1.3253
pitch_angle,65.623,0.707
pitch_angle,65.762,0.481
pitch_angle,65.901,1.1937
pitch_angle,66.039,1.8369
pitch_angle,66.178,1.5414
pitch_angle,66.317,1.1763
pitch_angle,66.455,1.5414
pitch_angle,66.594,1.3987
pitch_angle,66.733,0.8113
pitch_angle,66.871,0.6722
pitch_angle,67.01,0.8634
pitch_angle,67.149,0.8808
pitch_angle,67.287,1.0025
pitch_angle,67.426,1.0547
pitch_angle,67.565,0.7417
pitch_angle,67.703,0.4462
pitch_angle,67.842,0.3419
pitch_angle,67.981,0.4462
pitch_angle,68.119,0.6896
pitch_angle,68.258,0.7244
pitch_angle,68.397,0.5679
pitch_angle,68.535,0.6201
pitch_angle,68.674,1.0199
pitch_angle,68.813,1.0025
pitch_angle,68.951,0.9851
pitch_angle,69.09,1.1416
pitch_angle,69.229,1.2285
pitch_angle,69.367,1.2285
pitch_angle,69.506,1.1937
pitch_angle,69.645,1.159
pitch_angle,69.783,1.2806
pitch_angle,69.922,1.4023
pitch_angle,70.061,1.2806
pitch_angle,70.199,1.1763
pitch_angle,70.338,1.1416
pitch_angle,70.477,1.1937
pitch_angle,70.615,1.4371
pitch_angle,70.754,1.6892
pitch_angle,70.893,2.3676
pitch_angle,71.031,2.654
pitch_angle,71.17,3.0538
pitch_angle,71.309,3.4015
pitch_angle,71.447,3.6449
pitch_angle,71.586,4.0273
pitch_angle,71.725,4.4445
pitch_angle,71.863,4.3402
pitch_angle,72.002,3.7666
pitch_angle,72.141,2.6366
pitch_angle,72.279,1.5762
pitch_angle,72.418,0.9851
pitch_angle,72.557,1.0547
pitch_angle,72.695,1.0373
pitch_angle,72.834,1.0025
pitch_angle,72.973,0.9851
pitch_angle,73.111,1.0025
pitch_angle,73.25,1.0025
pitch_angle,73.389,1.0025
pitch_angle,73.527,0.933
pitch_angle,73.666,0.9677
pitch_angle,73.805,1.0199
pitch_angle,73.943,1.0025
pitch_angle,74.082,0.9851
pitch_angle,74.221,1.0373
pitch_angle,74.359,1.0547
pitch_angle,74.498,1.0373
pitch_angle,74.637,1.072
pitch_angle,74.775,1.0025
pitch_angle,74.914,0.9851
pitch_angle,75.053,1.0025
pitch_angle,75.191,1.0025
pitch_angle,75.33,0.9504
pitch_angle,75.469,0.9851
pitch_angle,75.607,0.9851
pitch_angle,75.746,1.0025
pitch_angle,75.885,1.1068
pitch_angle,76.023,1.1068
pitch_angle,76.162,1.0234
pitch_angle,76.301,0.9677
pitch_angle,76.439,0.9504
pitch_angle,76.578,0.9677
pitch_angle,76.717,0.9851
pitch_angle,76.855,0.9677
pitch_angle,76.994,1.0373
pitch_angle,77.133,1.072
pitch_angle,77.271,1.0199
pitch_angle,77.41,1.0373
pitch_angle,77.549,1.072
pitch_angle,77.688,1.0547
pitch_angle,77.826,1.0199
pitch_angle,77.965,1.0547
pitch_angle,78.104,1.0373
pitch_angle,78.242,0.9677
pitch_angle,78.381,1.0025
pitch_angle,78.52,1.0025
pitch_angle,78.658,0.9851
pitch_angle,78.797,1.0547
pitch_angle,78.936,1.0547
pitch_angle,79.074,1.072
pitch_angle,79.213,0.9677
pitch_angle,79.352,0.9504
pitch_angle,79.49,1.0547
pitch_angle,79.629,1.0547
pitch_angle,79.768,0.9677
pitch_angle,79.906,0.9677
pitch_angle,80.045,1.0373
pitch_angle,80.184,1.0547
pitch_angle,80.322,1.072
pitch_angle,80.461,1.072
pitch_angle,80.6,1.1068
pitch_angle,80.738,1.0199
pitch_angle,80.877,1.0199
pitch_angle,81.016,1.072
pitch_angle,81.154,1.072
pitch_angle,81.293,0.9851
pitch_angle,81.432,0.9851
pitch_angle,81.57,1.1068
pitch_angle,81.709,1.0199
pitch_angle,81.848,0.9851
pitch_angle,81.986,0.9851
pitch_angle,82.125,0.9851
pitch_angle,82.264,0.933
pitch_angle,82.402,0.9504
pitch_angle,82.541,0.9677
pitch_angle,82.68,1.0547
pitch_angle,82.818,0.933
pitch_angle,82.957,0.933
pitch_angle,83.096,1.0894
pitch_angle,83.234,1.1068
pitch_angle,83.373,1.0199
pitch_angle,83.512,1.0025
pitch_angle,83.65,1.0373
pitch_angle,83.789,1.0547
pitch_angle,83.928,1.0894
pitch_angle,84.066,1.0373
pitch_angle,84.205,1.072
pitch_angle,84.344,1.0894
pitch_angle,84.482,1.0373
pitch_angle,84.621,1.0373
pitch_angle,84.76,1.0373
pitch_angle,84.898,1.0373
pitch_angle,85.037,1.0547
pitch_angle,85.176,0.9677
pitch_angle,85.314,0.9504
pitch_angle,85.453,1.0547
pitch_angle,85.592,1.0373
pitch_angle,85.73,1.0547
pitch_angle,85.869,1.072
pitch_angle,86.008,1.072
pitch_angle,86.146,1.0025
pitch_angle,86.285,1.0025
pitch_angle,86.424,1.0547
pitch_angle,86.562,1.1068
pitch_angle,86.701,1.0894
pitch_angle,86.84,1.0894
pitch_angle,86.978,0.9851
pitch_angle,87.117,0.933
pitch_angle,87.256,0.933
pitch_angle,87.394,0.9677
pitch_angle,87.533,1.0373
pitch_angle,87.672,1.0894
pitch_angle,87.81,1.072
pitch_angle,87.949,1.1416
pitch_angle,88.088,1.1416
pitch_angle,88.226,1.1068
pitch_angle,88.365,1.1068
pitch_angle,88.504,1.1242
pitch_angle,88.642,1.0894
pitch_angle,88.781,1.0025
pitch_angle,88.92,1.0025
pitch_angle,89.058,1.0025
pitch_angle,89.197,0.9851
pitch_angle,89.336,0.9851
pitch_angle,89.474,0.9851
pitch_angle,89.613,1.072
pitch_angle,89.752,1.0547
pitch_angle,89.89,1.0025
pitch_angle,90.029,1.0373
pitch_angle,90.168,1.0199
pitch_angle,90.306,1.0199
pitch_angle,90.445,0.9851
pitch_angle,90.584,0.9851
pitch_angle,90.722,0.9851
pitch_angle,90.861,0.933
pitch_angle,91.0,0.9156
pitch_angle,91.138,0.9504
pitch_angle,91.277,1.0025
pitch_angle,91.416,1.0373
pitch_angle,91.554,1.072
pitch_angle,91.693,1.072
pitch_angle,91.832,1.0025
pitch_angle,91.97,0.9851
pitch_angle,92.109,0.9851
pitch_angle,92.248,0.9851
pitch_angle,92.386,1.0894
pitch_angle,92.525,1.072
pitch_angle,92.664,0.9677
pitch_angle,92.802,0.9677
pitch_angle,92.941,1.0199
pitch_angle,93.08,0.9677
pitch_angle,93.218,0.9677
pitch_angle,93.357,1.0373
pitch_angle,93.496,1.0547
pitch_angle,93.634,1.0894
pitch_angle,93.773,1.0025
pitch_angle,93.912,1.0025
pitch_angle,94.05,1.0199
pitch_angle,94.189,1.0199
pitch_angle,94.328,0.9851
pitch_angle,94.466,1.0199
pitch_angle,94.605,1.0199
pitch_angle,94.744,1.0199
pitch_angle,94.882,1.0025
pitch_angle,95.021,1.0199
pitch_angle,95.16,1.072
pitch_angle,95.298,1.072
pitch_angle,95.437,1.1068
pitch_angle,95.576,1.072
pitch_angle,95.714,1.0373
pitch_angle,95.853,1.0373
pitch_angle,95.992,1.0547
pitch_angle,96.13,1.0025
pitch_angle,96.269,0.9504
pitch_angle,96.408,0.933
pitch_angle,96.546,1.0025
pitch_angle,96.685,1.072
pitch_angle,96.824,0.9504
pitch_angle,96.962,1.9239
pitch_angle,97.101,2.4801
pitch_angle,97.24,3.1234
pitch_angle,97.378,3.1234
pitch_angle,97.517,3.1234
pitch_angle,97.656,2.3758
